operational_view_date,user_uuid,customer_city,customer_country,order_uuid,parent_order_uuid,platform,fx_rate_loc_to_usd_fxn,list_price_operational,deal_discount_operational,gross_bookings_operational,margin_1_operational,vfm_operational,incentive_promo_code,last_status
2023-07-04,a1defa36-928d-4e05-9e7d-695914fcf25b,Krakow,PL,e21eaad3-2b71-4763-b332-aca475b8c42c,8fdc496d-c1ba-4723-952e-b07b7a74c78b,web,0.25,161.84,0.0,161.84,49.77,29.57,,redeemed
2023-07-05,94a40740-7630-4a1c-a7d1-2895b2646b46,Naples,IT,ee705e65-ceae-464f-ac23-983a7cbd3076,ee705e65-ceae-464f-ac23-983a7cbd3076,app,1.08,93.12,11.23,81.89,29.5,17.87,PROMO21,redeemed
2023-07-06,c12bf9d6-199b-4d29-a6a1-ecafe5771fa7,Hamburg,DE,a475ed38-6db4-4fe4-988c-c17fac687c3a,2fc6fe42-e88a-472c-ab38-5e4831d58c61,app,1.08,29.07,8.81,20.26,6.86,5.12,PROMO94,redeemed
2023-07-07,bbb0f6f1-ae0e-49f6-b2d4-73a530b0bf7e,Milan,IT,a040fc03-db67-4d7d-bac6-d25d2eace13d,a040fc03-db67-4d7d-bac6-d25d2eace13d,web,1.08,186.57,0.0,186.57,74.29,43.65,,unredeemed
2023-07-08,dbf6a500-8db6-4bf7-bb83-2c9bc0d60d47,Chicago,US,8a8b2ca5-1485-458f-96f1-70e480ae729f,a25871fe-0d72-488e-b2c9-2cb6dc3ff3b5,web,1.0,70.23,0.0,70.23,22.34,17.13,,unredeemed
2023-07-10,0b586175-1bf6-41a7-9d30-6b815463b7e5,Manchester,GB,5f298d5c-9878-4bc0-bb91-6ba69f8a1b8e,5f298d5c-9878-4bc0-bb91-6ba69f8a1b8e,app,1.27,89.04,21.49,67.55,21.87,17.23,PROMO61,redeemed
2023-07-11,4ff51227-2423-4f1a-bc2d-f83aa983ac21,Los Angeles,US,e04c7393-fd05-4adf-a7b3-baf3d0906db1,dec9b0da-aef6-429d-879c-af430aecd57d,app,1.0,138.71,0.0,138.71,42.53,30.4,,redeemed
2023-07-14,fc411c23-dbf8-46f9-8338-36c3bba6349b,Valencia,ES,410f3323-c118-4c0f-9a19-aa17f7259026,a36b7cd6-7ac0-4740-b1c5-30cf9a11b5e1,web,1.08,135.03,41.37,93.66,20.39,15.87,PROMO41,redeemed
2023-07-14,a0d1a7a7-ac5e-4c63-a2b1-91d262b8da08,Chicago,US,37eef1e4-67a0-425a-b148-c4b1900f9a53,37eef1e4-67a0-425a-b148-c4b1900f9a53,touch,1.0,184.01,0.0,184.01,56.39,41.23,,redeemed
2023-07-16,a77b0236-809a-465c-a417-76c4d1746654,Birmingham,GB,1529a37c-822d-4b60-b69d-fa61ea3dccce,1529a37c-822d-4b60-b69d-fa61ea3dccce,app,1.27,54.67,0.0,54.67,17.04,13.37,,redeemed
2023-07-17,0d5ff115-3a64-4ebd-a236-ce4ffe7fc0f7,Birmingham,GB,8f3e205c-e274-443e-b6c0-59083cfea887,8f3e205c-e274-443e-b6c0-59083cfea887,app,1.27,189.19,56.5,132.69,37.27,35.36,PROMO77,expired
2023-07-17,b0b6bb38-c209-4bc2-9daa-c1b607349bf6,Warsaw,PL,8683b263-d9a7-472f-ac90-b8047ffdea91,8683b263-d9a7-472f-ac90-b8047ffdea91,web,0.25,74.81,0.0,74.81,23.74,15.43,,unredeemed
2023-07-20,af22bfc6-146a-4536-8a15-d0753e9ffc41,Krakow,PL,54866a89-635b-4199-b8b3-74f12c4826cb,54866a89-635b-4199-b8b3-74f12c4826cb,web,0.25,179.24,0.0,179.24,42.62,37.38,,redeemed
2023-07-22,c04af2d4-2965-45cf-b2c5-d1f6cd98c2c1,Manchester,GB,daba7d6c-4258-4e13-beb3-a39aafa91fd2,daba7d6c-4258-4e13-beb3-a39aafa91fd2,web,1.27,116.52,27.28,89.24,24.52,18.84,PROMO56,redeemed
2023-07-23,4f5b02fb-72bc-4852-bfaf-6de9dc259e57,Birmingham,GB,8c90ce0f-cf07-4e70-b1cf-5f4f3595b32e,8c90ce0f-cf07-4e70-b1cf-5f4f3595b32e,touch,1.27,263.07,0.0,263.07,100.85,84.6,,redeemed
2023-07-23,fffcd159-1353-4419-b83b-80541f9f39e1,Birmingham,GB,6fb6a0f5-eaaf-4c53-8ad0-dca511cc647b,6fb6a0f5-eaaf-4c53-8ad0-dca511cc647b,app,1.27,87.77,20.14,-67.63,-27.47,-18.87,PROMO43,refunded
2023-07-27,b74c36b6-9148-4557-817d-696f72b815e6,Birmingham,GB,11b4de68-6e5b-4665-ab8f-0fee25974039,11b4de68-6e5b-4665-ab8f-0fee25974039,web,1.27,243.34,0.0,243.34,66.65,54.98,,redeemed
2023-07-30,84e19081-a514-465c-bf22-eecf5d857319,New York,US,436e25c3-91d8-476e-addc-fa7526c35dc0,436e25c3-91d8-476e-addc-fa7526c35dc0,app,1.0,118.21,21.99,-96.22,-22.85,-22.88,PROMO67,refunded
2023-07-31,9115c282-6e1e-4996-92e8-aec353492150,Lyon,FR,f03fdf8a-27cb-4ee8-947a-b5b0a732314e,0fef2210-200a-4f28-8556-f1cfb661d128,web,1.08,209.87,0.0,209.87,71.1,47.93,,redeemed
2023-08-02,acbb7e59-5f72-4431-903b-2383db712ed2,Phoenix,US,b9409841-d570-4a73-aa4c-7cd05073159c,e6e61300-947b-4abf-8a66-769217439dfc,touch,1.0,146.01,0.0,146.01,52.95,36.52,,unredeemed
2023-08-03,4db308a5-f7ea-4928-9d62-8b929e41ce39,Phoenix,US,fe5274f8-ee15-4fb3-84ae-b01364c99839,580f8027-77ad-4955-ae92-fd5dd146f913,app,1.0,237.54,0.0,237.54,82.18,77.46,,redeemed
2023-08-04,b8e652f5-4586-4d10-8900-83e705f3ee89,Manchester,GB,3570b284-4921-42e7-9bde-ecab005d550c,3570b284-4921-42e7-9bde-ecab005d550c,web,1.27,277.17,0.0,277.17,82.92,49.24,,redeemed
2023-08-04,904d7f85-0a50-4903-b561-328c081e431f,Los Angeles,US,e8b86782-1bee-424c-9c02-c67bd618e815,e8b86782-1bee-424c-9c02-c67bd618e815,web,1.0,91.68,0.0,91.68,29.28,21.05,,redeemed
2023-08-05,f2d30979-7e49-4ac1-a83d-8b99184cdc9e,Berlin,DE,4e09e1f4-69c7-49d9-8248-e7fb72e23a14,4e09e1f4-69c7-49d9-8248-e7fb72e23a14,app,1.08,23.56,0.0,23.56,7.0,3.86,,redeemed
2023-08-08,f6b37fb9-9899-41fa-a462-3312e82f6202,Barcelona,ES,9f38d2fb-8fd9-4ae4-8678-4ec79b6c99f4,607f50d3-06e9-4c68-b7a7-ff43d483820b,touch,1.08,214.89,0.0,214.89,68.25,50.83,,unredeemed
2023-08-08,1a53bc39-4246-4783-823d-0505d44d1b9a,Lyon,FR,1f83ad67-2b34-44ed-a0b9-a3e62d51c084,4ba81702-e764-4c32-92c1-eb490e708087,app,1.08,99.32,32.44,66.88,23.32,19.17,PROMO14,redeemed
2023-08-18,b91a5a99-3fe9-45e4-98a7-e379f61d7a67,Leeds,GB,b4bd0276-8bfa-4a5f-94fb-3a67433f10f1,17513ac9-2cc6-4a79-aaf6-9b35701533b5,web,1.27,14.13,2.37,11.76,3.54,3.59,PROMO39,redeemed
2023-08-18,9cb0fdf6-2ee7-4725-982c-032fc031fbcf,Valencia,ES,485023bd-3510-4a4c-b77e-7396ff373a62,485023bd-3510-4a4c-b77e-7396ff373a62,touch,1.08,242.81,0.0,242.81,63.84,63.81,,redeemed
2023-08-18,e9adc87b-7805-4041-8e4c-c380fd5851e0,London,GB,28dda160-573f-48e0-b1b5-51dc610b960f,28dda160-573f-48e0-b1b5-51dc610b960f,web,1.27,171.78,0.0,171.78,43.54,34.03,,unredeemed
2023-08-18,5cd39671-8fa6-424a-8585-4489f9816748,Paris,FR,8d0b3af0-e806-49c6-9ab9-933ab096e25c,8d0b3af0-e806-49c6-9ab9-933ab096e25c,app,1.08,236.13,0.0,236.13,88.39,64.49,,redeemed
2023-08-19,cc3dd407-e8b3-46d9-a360-910dba152dd9,Wroclaw,PL,074b40bd-1d1c-4d04-86a0-b8ceac6bf74f,074b40bd-1d1c-4d04-86a0-b8ceac6bf74f,web,0.25,68.71,0.0,68.71,18.98,13.79,,redeemed
2023-08-21,365f0436-8f7f-4629-906a-9552a4dcdb93,Paris,FR,e39cc999-437b-4988-b166-aaa2c0f8316d,e39cc999-437b-4988-b166-aaa2c0f8316d,web,1.08,259.45,0.0,259.45,87.04,59.68,,redeemed
2023-08-24,63101b95-7540-475b-a76d-d62536419e31,Chicago,US,7e777612-32bf-44e9-b468-5d96ad509c7b,7e777612-32bf-44e9-b468-5d96ad509c7b,app,1.0,123.07,0.0,123.07,33.32,31.95,,redeemed
2023-08-24,4ff51227-2423-4f1a-bc2d-f83aa983ac21,Los Angeles,US,a3c71394-0e6e-42bd-ab02-13e8973fcd6a,a3c71394-0e6e-42bd-ab02-13e8973fcd6a,app,1.0,89.1,19.14,69.96,24.72,21.02,PROMO53,expired
2023-08-28,75613d65-42cc-4a71-9209-4c80041599fe,Marseille,FR,0d13ce66-12bd-4a34-9991-fb8901adcb12,eaafbfb4-d3aa-445a-a526-87a75dece87f,web,1.08,103.98,0.0,103.98,26.4,23.42,,redeemed
2023-08-28,7cb57d0c-b003-427b-ad0e-cae89dc84e21,New York,US,6c1cba89-f4bf-4e66-abe5-2c911437d0c1,bfcb74cb-9abf-4816-b12a-c054ba78b419,web,1.0,187.3,0.0,-187.3,-63.28,-52.12,,refunded
2023-08-29,2316aadd-c559-4969-a454-7af3d677df95,New York,US,a918438a-44de-4275-95c3-54c1ed825a25,33f68bef-f788-45b1-bcbd-2a68d8bc0c0b,app,1.0,131.79,44.34,-87.45,-26.38,-14.45,PROMO94,refunded
2023-08-30,1851f014-fb8f-44e0-8d4d-0cc363edbeab,Barcelona,ES,26c216d4-7227-4361-91e4-501208b81ffa,26c216d4-7227-4361-91e4-501208b81ffa,web,1.08,68.89,15.71,53.18,20.24,17.99,PROMO11,redeemed
2023-08-31,77f13257-90ad-4a0e-920f-839b2fe63ede,Madrid,ES,d1801160-69b2-4ab8-90a9-8e9339ebf526,7357c60b-064e-46d7-b59a-13decb223172,app,1.08,165.01,53.15,111.86,27.84,26.98,PROMO51,redeemed
2023-09-01,84e19081-a514-465c-bf22-eecf5d857319,New York,US,f6854bd5-d450-4698-998d-293f1f52323b,f6854bd5-d450-4698-998d-293f1f52323b,app,1.0,196.76,0.0,196.76,65.7,37.46,,redeemed
2023-09-02,50ed3660-b7a6-4520-b9cf-b91a78024873,Phoenix,US,d3c0148c-27c4-49cd-8950-aa18eac8394a,55081b2a-485e-4649-ae28-ed7f1cb9d1fd,web,1.0,241.64,0.0,241.64,69.65,65.04,,redeemed
2023-09-04,25254b00-4181-4d8a-8964-65d35130e9ac,Hamburg,DE,c9caad83-4e74-470d-b0b7-4e72fcca7c3d,c9caad83-4e74-470d-b0b7-4e72fcca7c3d,web,1.08,139.61,41.52,98.09,30.25,19.16,PROMO93,redeemed
2023-09-06,e7c0a699-0155-41c7-866e-a93dbfbbf0c7,Berlin,DE,2b1db0c7-054e-4fdf-8b8b-a8af9bc6f802,2b1db0c7-054e-4fdf-8b8b-a8af9bc6f802,app,1.08,207.3,35.77,171.53,50.81,40.51,PROMO65,redeemed
2023-09-08,6f89b3bb-9633-4954-b0ae-ef64267ad2ed,Phoenix,US,142d0c3b-7a24-4a89-911f-5e362d8f827d,142d0c3b-7a24-4a89-911f-5e362d8f827d,app,1.0,44.31,0.0,44.31,10.04,10.27,,redeemed
2023-09-11,58472f15-e8f7-41b4-b46a-140e13a8c3b2,Paris,FR,9185a609-eb99-413d-8604-0ae36d25ed74,9185a609-eb99-413d-8604-0ae36d25ed74,web,1.08,273.65,36.63,237.02,62.68,61.03,PROMO19,unredeemed
2023-09-17,29e697df-2fa6-46b1-851e-25c89d233a1f,Milan,IT,24e250ba-bf88-48cf-82a4-7724e1648acb,24e250ba-bf88-48cf-82a4-7724e1648acb,web,1.08,107.82,14.98,-92.84,-24.19,-24.99,PROMO70,refunded
2023-09-17,11f087f9-5d69-40a4-a4e4-caf91b87911b,Milan,IT,74d43a07-3ff6-454a-837c-895ffda96d0f,74d43a07-3ff6-454a-837c-895ffda96d0f,web,1.08,268.29,36.67,231.62,69.69,62.17,PROMO34,unredeemed
2023-09-18,699b5f7b-2318-444d-9fa7-18ee1f601284,Rome,IT,879d22d3-f65e-4870-a883-e5cc737fc5ee,879d22d3-f65e-4870-a883-e5cc737fc5ee,web,1.08,160.45,0.0,160.45,48.16,42.31,,redeemed
2023-09-19,3f6a482a-509e-4edb-8fd6-2167ca323646,Valencia,ES,e2ba6061-8978-4422-bc0b-0acbf6c5bc5e,e2ba6061-8978-4422-bc0b-0acbf6c5bc5e,web,1.08,279.89,0.0,279.89,110.23,65.46,,unredeemed
2023-09-19,f3783425-27f4-48f1-b4f5-c88fe2057b1c,London,GB,f4f7f9ff-d742-4614-a96b-aad2f3b5b7ae,8e909213-f17d-4908-a818-dba497595ed5,web,1.27,202.89,0.0,202.89,55.37,34.35,,redeemed
2023-09-20,904d7f85-0a50-4903-b561-328c081e431f,Los Angeles,US,1f338d3c-de60-45d6-a0b9-762cedef018b,fc2c0315-e395-40a8-b38c-756351c40276,web,1.0,44.43,8.61,35.82,10.97,8.16,PROMO76,redeemed
2023-09-20,25254b00-4181-4d8a-8964-65d35130e9ac,Hamburg,DE,a4e7cd40-c500-43ad-a649-c640ac0db252,a4e7cd40-c500-43ad-a649-c640ac0db252,web,1.08,214.16,0.0,-214.16,-67.97,-41.35,,refunded
2023-09-24,cf2c317d-681a-49dd-8d97-75f0c66c3e18,Paris,FR,dec7aa25-16ce-4136-8ae0-0e0858842841,dec7aa25-16ce-4136-8ae0-0e0858842841,web,1.08,109.52,24.44,85.08,35.56,24.32,PROMO45,redeemed
2023-09-24,7cc09ec4-d19a-4ede-8771-6807bf3a53bd,Birmingham,GB,1bb95dfe-1a85-466a-9e0c-852e9e6d25b2,1bb95dfe-1a85-466a-9e0c-852e9e6d25b2,web,1.27,79.95,21.59,58.36,18.97,14.21,PROMO23,redeemed
2023-09-25,aa81f0e5-484e-4ee7-b637-f1dde7ff22c0,Birmingham,GB,ca0b2535-3363-4246-b181-8bd1cb72c863,ca0b2535-3363-4246-b181-8bd1cb72c863,web,1.27,194.32,0.0,194.32,45.39,44.3,,redeemed
2023-09-25,a2c52a76-5a91-4baa-84be-416be7db989c,Paris,FR,4b45d174-f333-466c-baa6-e232758bb9d7,4b45d174-f333-466c-baa6-e232758bb9d7,touch,1.08,194.6,0.0,194.6,58.25,41.06,,redeemed
2023-09-26,59833e0f-0aad-4498-97d0-c68f606c5874,Krakow,PL,a7a0b475-dfed-487a-902a-bdfdd2ed9e49,69af871d-91ce-42ad-b5bc-f581b28dcf87,touch,0.25,208.01,21.75,186.26,72.44,40.12,PROMO32,expired
2023-09-26,d87288e6-8f7b-463d-9945-5062e2f35011,Chicago,US,352fa3e8-b6e5-4286-9d0d-a794d82b51d7,352fa3e8-b6e5-4286-9d0d-a794d82b51d7,app,1.0,135.33,18.48,116.85,36.02,20.34,PROMO90,redeemed
2023-09-26,332cd717-b9b7-491e-90ba-8f49b6b06c44,Barcelona,ES,17edaa9b-c88c-49d1-88ee-d63a45d5b10d,17edaa9b-c88c-49d1-88ee-d63a45d5b10d,app,1.08,69.98,10.79,59.19,15.64,9.6,PROMO39,redeemed
2023-09-27,2bae452c-69a1-4242-9379-ca0d084f3e95,Phoenix,US,9ee5c442-e971-44a0-b802-36d09ecdbb13,9ee5c442-e971-44a0-b802-36d09ecdbb13,web,1.0,63.13,0.0,63.13,16.36,16.05,,expired
2023-09-27,0d5ff115-3a64-4ebd-a236-ce4ffe7fc0f7,Birmingham,GB,03ef0851-9859-4539-ba14-083eb63b3570,af61a6cc-4b29-4a99-9c3e-89ac4f6a61c1,app,1.27,59.46,0.0,59.46,13.36,10.19,,redeemed
2023-09-28,aa81f0e5-484e-4ee7-b637-f1dde7ff22c0,Birmingham,GB,31136e39-921e-43fd-8819-86bedf346b32,31136e39-921e-43fd-8819-86bedf346b32,web,1.27,12.65,0.0,12.65,4.99,2.67,,redeemed
2023-09-28,a4ac1244-8cae-4f87-a76f-a4a26e373683,Warsaw,PL,c0d1d495-a3a6-4682-ac5c-a98b5f44cd85,c0d1d495-a3a6-4682-ac5c-a98b5f44cd85,app,0.25,142.14,0.0,-142.14,-55.55,-41.17,,refunded
2023-09-30,26661eb5-977d-4f44-9af2-abc2f7da5e13,Wroclaw,PL,b0602170-a8f0-41a8-ab7b-3f690e781069,b0602170-a8f0-41a8-ab7b-3f690e781069,app,0.25,140.42,54.75,85.67,31.83,20.01,PROMO85,redeemed
2023-10-06,8585b484-dbc5-474d-afce-3438c47f0d93,Warsaw,PL,e8d01be6-41ae-489c-a983-976b09276e78,e8d01be6-41ae-489c-a983-976b09276e78,touch,0.25,61.35,22.67,38.68,9.03,9.98,PROMO57,redeemed
2023-10-07,a0d1a7a7-ac5e-4c63-a2b1-91d262b8da08,Chicago,US,a16a3952-1aee-42da-af96-ae7f7e1298fb,a16a3952-1aee-42da-af96-ae7f7e1298fb,touch,1.0,241.96,0.0,241.96,65.87,72.07,,redeemed
2023-10-07,94a40740-7630-4a1c-a7d1-2895b2646b46,Naples,IT,865c6730-7e2b-4821-87bc-aacb0d1ae698,c94dacce-75d5-47c2-b0ca-da9a6f397042,app,1.08,17.87,0.0,17.87,5.95,4.49,,expired
2023-10-08,c5ed1be6-dc7c-4cd0-9b84-dba82cfab9e1,Phoenix,US,38bda7d8-617f-4ef5-b17f-71ec6bbfcca6,38bda7d8-617f-4ef5-b17f-71ec6bbfcca6,app,1.0,135.31,40.1,95.21,29.97,24.31,PROMO63,redeemed
2023-10-08,dbf6a500-8db6-4bf7-bb83-2c9bc0d60d47,Chicago,US,3dd62ff3-a9f5-4bbe-a8a1-e4c1ad645d70,815cc7f8-d3fe-43af-a579-00f6298c1c4b,app,1.0,61.53,0.0,61.53,16.87,13.64,,redeemed
2023-10-10,c0d00cb0-0645-48fe-8d59-843d1184d7bc,Valencia,ES,b309630d-5c75-43f9-862d-53345b9458ea,50f35bc3-58d6-4e54-b03a-93d7f83fb9c4,app,1.08,229.7,0.0,229.7,56.76,42.68,,unredeemed
2023-10-13,a9f4c119-98b2-4994-89a5-d8223705499a,Paris,FR,5330fa66-64e6-4c6c-a876-40f9bfea5efd,5330fa66-64e6-4c6c-a876-40f9bfea5efd,app,1.08,97.56,0.0,-97.56,-28.9,-24.25,,refunded
2023-10-17,29e697df-2fa6-46b1-851e-25c89d233a1f,Milan,IT,f8d5f2ca-c45f-4cdb-92ee-9c285b98f8cf,92060e46-f15c-4e59-b076-48578d10d2e9,web,1.08,29.39,7.58,21.81,6.86,4.92,PROMO95,redeemed
2023-10-18,71c9ecf4-5e9f-4617-b0bd-f27e5a5e8ba8,New York,US,e218f03a-5e3f-48d8-8e44-62294d198226,e218f03a-5e3f-48d8-8e44-62294d198226,web,1.0,163.91,0.0,163.91,48.75,33.6,,redeemed
2023-10-18,07b4a169-61e7-4cb9-86d2-f95141e11140,Madrid,ES,6d3ed7fa-c782-432f-a654-65a4f01d98a0,6d3ed7fa-c782-432f-a654-65a4f01d98a0,web,1.08,12.42,0.0,12.42,2.96,3.27,,unredeemed
2023-10-22,87370f96-428d-4211-b113-ba2bd95cba04,Naples,IT,a7d640e6-fb42-41f8-97a8-175fea6ca5d0,a7d640e6-fb42-41f8-97a8-175fea6ca5d0,app,1.08,151.46,0.0,151.46,61.19,46.31,,redeemed
2023-10-22,e9adc87b-7805-4041-8e4c-c380fd5851e0,London,GB,548c42a4-3e4b-4330-8da7-efbfb8310f99,3fdad58d-1b06-4ac8-9982-61462944ca89,web,1.27,197.54,0.0,197.54,54.94,38.62,,redeemed
2023-10-23,2d62e63f-0e25-4d4d-b1c5-90f114d7b366,Barcelona,ES,8bc5ccae-89f4-4413-ab5c-f5a037362849,d35cea17-5d46-4d03-aa36-ae887492ef84,touch,1.08,254.49,75.36,179.13,61.41,55.38,PROMO69,unredeemed
2023-10-24,3924b41f-b3cc-48f2-8d18-f065858de32e,Birmingham,GB,fde03e16-216d-44c0-8534-5ba69f8f852a,d9e00965-e871-4e06-9235-beb256b8d70d,app,1.27,71.01,19.09,-51.92,-16.31,-13.93,PROMO71,refunded
2023-10-28,0b35dd9a-e7dc-40fd-8eac-f53cc3b223f0,Los Angeles,US,d812935c-af35-4a24-bbc1-6a033646b408,d812935c-af35-4a24-bbc1-6a033646b408,app,1.0,117.47,0.0,117.47,24.9,27.2,,redeemed
2023-10-29,64261a01-c218-4e8e-967e-e822b1b5a04b,Manchester,GB,7b6c341e-b818-4d46-8c4d-eac59b0eea6b,7b6c341e-b818-4d46-8c4d-eac59b0eea6b,touch,1.27,168.84,0.0,168.84,38.12,32.91,,redeemed
2023-10-31,2eeb0b48-d72b-4a85-97a2-5f07b813f78d,Lyon,FR,4e7cd412-74da-49c3-b15c-285bcd0119c2,f6a69511-2a58-43d5-8c3c-b00bacd6753b,web,1.08,107.01,0.0,107.01,28.91,25.45,,unredeemed
2023-11-01,517383a5-8d1c-45e8-be37-6cea8421d601,Los Angeles,US,9bf10983-c0c5-4b20-934c-d965c15408ca,9bf10983-c0c5-4b20-934c-d965c15408ca,web,1.0,13.65,0.0,13.65,4.06,2.84,,redeemed
2023-11-01,b8e652f5-4586-4d10-8900-83e705f3ee89,Manchester,GB,296f4b6d-98fa-4a6c-95a8-349978fc3bb0,4bdf4481-efb6-4a82-9a04-fa36397fd429,web,1.27,39.2,12.09,27.11,10.09,5.5,PROMO55,redeemed
2023-11-03,3a3e15cb-d1cd-4913-b612-507504dffb06,Birmingham,GB,48edf5b4-3b1c-4f70-8aac-64f6ea9abdd4,841c3154-7763-4258-a690-5058f4122a9b,web,1.27,229.05,82.23,146.82,44.86,40.31,PROMO42,unredeemed
2023-11-03,3924b41f-b3cc-48f2-8d18-f065858de32e,Birmingham,GB,5718796f-cbca-4bb8-9e2e-6b9a9fa7d289,9883c5dd-091f-47fb-9be0-a5dbdc6585f7,app,1.27,160.51,0.0,160.51,64.2,35.24,,redeemed
2023-11-03,120181ee-dfcb-41b9-a746-7a5ab4f0b135,Munich,DE,fcf3bc1f-2a05-49ef-b544-06eecd2dac3f,e68dce6d-98b2-4012-adde-9cddfc732c02,app,1.08,28.59,3.83,24.76,8.05,5.03,PROMO80,redeemed
2023-11-04,60bef507-122c-4484-9353-a8b1dd3573cb,Phoenix,US,67c3f64e-d6d5-4908-a1db-6065bb06632d,67c3f64e-d6d5-4908-a1db-6065bb06632d,web,1.0,242.7,0.0,242.7,84.37,69.03,,unredeemed
2023-11-05,377a00da-2798-43d5-a2b0-2d7830895d13,Houston,US,ab3bffd7-78fe-4e6d-8d5a-8032cc81b6af,ab3bffd7-78fe-4e6d-8d5a-8032cc81b6af,app,1.0,180.14,0.0,180.14,50.36,35.4,,unredeemed
2023-11-05,07f066a9-ff30-45bc-933c-5aff455cee3d,Rome,IT,264dc954-6f0f-4fe9-998d-45a50dd68dc8,264dc954-6f0f-4fe9-998d-45a50dd68dc8,app,1.08,83.52,0.0,83.52,28.66,21.64,,expired
2023-11-05,9706b051-2ed9-4e73-b830-90b40c5607ee,Madrid,ES,6911f283-8e4e-4390-88e4-1bf40ae17949,586cfffb-16e3-4e31-98b4-da930bc8e6e6,web,1.08,102.95,0.0,-102.95,-26.4,-29.2,,refunded
2023-11-06,f4006ce1-a385-404f-8030-71fc252bb616,Manchester,GB,f80149b7-e099-40ad-84fc-c8d3899fd885,f80149b7-e099-40ad-84fc-c8d3899fd885,web,1.27,212.2,0.0,212.2,78.49,60.61,,redeemed
2023-11-06,eb314b59-f34b-4713-813c-992f36b28fe1,Houston,US,67f52605-3b48-4632-87a9-51825ee72c09,5a00725c-a08a-40a6-b171-2bc7f0653882,web,1.0,165.6,0.0,165.6,57.73,55.68,,redeemed
2023-11-10,acb7053a-cd91-456d-babd-8e10d4955daf,Chicago,US,c66a8c13-9d83-477a-a050-fe528ce865c7,c66a8c13-9d83-477a-a050-fe528ce865c7,web,1.0,193.38,0.0,193.38,63.75,39.64,,unredeemed
2023-11-10,7cb57d0c-b003-427b-ad0e-cae89dc84e21,New York,US,1bdbebdb-442a-4396-bee5-bce3fe72a44f,1bdbebdb-442a-4396-bee5-bce3fe72a44f,web,1.0,153.9,0.0,153.9,46.23,34.82,,redeemed
2023-11-13,9115c282-6e1e-4996-92e8-aec353492150,Lyon,FR,7f5ae0f8-f70e-4a7d-8db5-7975f263494d,7f5ae0f8-f70e-4a7d-8db5-7975f263494d,web,1.08,166.17,0.0,166.17,63.4,47.41,,redeemed
2023-11-13,a1defa36-928d-4e05-9e7d-695914fcf25b,KRAKOW,PL,d81c3635-b7d0-4b82-83ce-6cc1da44fc85,d81c3635-b7d0-4b82-83ce-6cc1da44fc85,web,0.25,90.57,28.18,62.39,17.04,11.45,PROMO90,redeemed
2023-11-14,517383a5-8d1c-45e8-be37-6cea8421d601,Los Angeles,US,1cd17a28-0130-4088-9102-499f470f86a4,14129ba0-15bb-4c09-9d07-57a9bafbd458,web,1.0,192.88,0.0,192.88,57.7,50.97,,redeemed
2023-11-14,244a1a93-6435-42bc-a346-e1570c33077e,Phoenix,US,b1ece70e-34ed-4b9b-85bc-d6aeb984918b,b1ece70e-34ed-4b9b-85bc-d6aeb984918b,app,1.0,19.53,0.0,19.53,4.71,5.23,,expired
2023-11-14,369e8091-c895-4c16-9c26-f6ca76906dbc,Birmingham,GB,75dd62b8-a76d-46ba-995e-e989d9fac760,75dd62b8-a76d-46ba-995e-e989d9fac760,web,1.27,189.85,0.0,189.85,60.72,38.92,,redeemed
2023-11-14,1c457244-73d6-4a5b-b6ff-995eb64dae17,Berlin,DE,eed543b3-4733-4366-a4ea-e564e21fee19,eed543b3-4733-4366-a4ea-e564e21fee19,web,1.08,84.03,0.0,84.03,25.89,20.64,,redeemed
2023-11-15,75bc10c1-64dd-48e2-928f-c1241ccadb94,Naples,IT,e712e785-29ed-45da-8650-0b6067f6be82,e712e785-29ed-45da-8650-0b6067f6be82,web,1.08,220.01,25.12,-194.89,-74.33,-64.48,PROMO40,refunded
2023-11-15,e75164de-cc23-4d39-9d11-2ae0d8987476,Chicago,US,a245198e-d1bd-4727-83ae-bf2f341e6141,a245198e-d1bd-4727-83ae-bf2f341e6141,web,1.0,34.81,10.42,24.39,7.08,6.08,PROMO95,redeemed
2023-11-15,c04af2d4-2965-45cf-b2c5-d1f6cd98c2c1,Manchester,,12e14d35-51f3-4e95-a7d1-be611eef6907,12e14d35-51f3-4e95-a7d1-be611eef6907,web,1.27,163.92,0.0,163.92,44.39,33.69,,redeemed
2023-11-17,f7b2e974-ed80-436c-80b5-c26dfbc8d656,Los Angeles,US,1e5daa07-2874-4b77-975d-b2a52be0c405,1e5daa07-2874-4b77-975d-b2a52be0c405,touch,1.0,155.04,0.0,155.04,45.87,27.22,,unredeemed
2023-11-18,f2d30979-7e49-4ac1-a83d-8b99184cdc9e,Berlin,DE,de7b0559-b5c6-4d20-871f-4734adfb87d0,de7b0559-b5c6-4d20-871f-4734adfb87d0,app,1.08,112.15,21.97,90.18,24.07,15.24,PROMO60,redeemed
2023-11-19,a77b0236-809a-465c-a417-76c4d1746654,Birmingham,GB,d8e29300-ec95-4cce-8754-df7d0c8652df,d8e29300-ec95-4cce-8754-df7d0c8652df,app,1.27,17.45,3.62,13.83,3.74,2.79,PROMO75,redeemed
2023-11-20,7e5b334f-ebda-4e10-907a-afc419530f68,Leeds,GB,d06d6d1e-e154-423b-a42f-697c799dc89e,d06d6d1e-e154-423b-a42f-697c799dc89e,app,1.27,260.52,0.0,260.52,85.25,62.35,,expired
2023-11-22,0d5ff115-3a64-4ebd-a236-ce4ffe7fc0f7,Birmingham,GB,04201dfa-d2da-4eb0-b076-a7a48358a057,04201dfa-d2da-4eb0-b076-a7a48358a057,app,1.27,71.9,16.48,55.42,17.35,13.0,PROMO44,redeemed
2023-11-22,5cd39671-8fa6-424a-8585-4489f9816748,Paris,FR,5d035e96-3c0f-426f-991d-b712b1fba65e,31e3c334-0c89-45e9-8286-d3896a590bca,app,1.08,161.89,0.0,161.89,45.9,46.76,,unredeemed
2023-11-22,2fe6c97c-6001-49b1-9247-354cad0e340e,Rome,IT,23950a1d-b34e-4ef9-ba85-a524ca060dd4,96758ee4-f3ab-4529-a024-52d7c63b09c5,app,1.08,31.12,8.67,-22.45,-5.8,-4.51,PROMO85,refunded
2023-11-23,a77b0236-809a-465c-a417-76c4d1746654,Birmingham,GB,41d9625a-a404-4d2b-a519-8a369677c741,41d9625a-a404-4d2b-a519-8a369677c741,app,1.27,140.93,0.0,140.93,33.6,27.01,,unredeemed
2023-11-24,c12bf9d6-199b-4d29-a6a1-ecafe5771fa7,Hamburg,DE,569109ef-62dc-4d45-bf83-3b422d53db4b,569109ef-62dc-4d45-bf83-3b422d53db4b,web,1.08,205.38,0.0,205.38,55.63,39.89,,redeemed
2023-11-24,1a53bc39-4246-4783-823d-0505d44d1b9a,Lyon,FR,e7da2f86-89dd-456b-9aef-f52b937878c4,e7da2f86-89dd-456b-9aef-f52b937878c4,touch,1.08,220.99,0.0,220.99,65.25,66.08,,redeemed
2023-11-25,4be50a8f-efb2-40b0-be85-b1d1af7fbd0d,Phoenix,US,4191a6e4-4ec9-4945-a97b-353d8e232c36,7064a8e3-da2d-461b-812a-f1e9dabfe825,app,1.0,152.22,0.0,152.22,45.78,34.72,,redeemed
2023-11-26,0b35dd9a-e7dc-40fd-8eac-f53cc3b223f0,Los Angeles,US,a2e93528-c498-42cc-8214-e8e88b3e53e2,a2e93528-c498-42cc-8214-e8e88b3e53e2,app,1.0,233.17,0.0,233.17,56.15,36.85,,redeemed
2023-11-28,0b586175-1bf6-41a7-9d30-6b815463b7e5,Manchester,GB,f0c671de-b7b3-4958-adc5-5d07535940b3,f0c671de-b7b3-4958-adc5-5d07535940b3,web,1.27,144.4,43.46,100.94,27.2,25.9,PROMO40,redeemed
2023-11-29,0d5ff115-3a64-4ebd-a236-ce4ffe7fc0f7,Birmingham,GB,07ae020c-57f9-4ec7-a373-4c1b8bcbe7f6,07ae020c-57f9-4ec7-a373-4c1b8bcbe7f6,app,1.27,63.05,0.0,63.05,17.28,13.65,,redeemed
2023-11-29,9176c7be-3c43-4cc4-b156-c384ba42e103,New York,US,874be8a6-c378-4cf9-b1d1-659656d5af20,874be8a6-c378-4cf9-b1d1-659656d5af20,touch,1.0,24.43,0.0,24.43,8.1,5.05,,unredeemed
2023-12-01,0f5e0152-0703-44ca-be54-ab52ec0144ef,Leeds,GB,1989a262-0577-4f95-94cc-060954b9ec98,1989a262-0577-4f95-94cc-060954b9ec98,app,1.27,23.1,0.0,23.1,6.55,4.63,,redeemed
2023-12-02,fffcd159-1353-4419-b83b-80541f9f39e1,Birmingham,GB,2ae96eab-397d-48a3-a45f-b5931d588140,2ae96eab-397d-48a3-a45f-b5931d588140,app,1.27,105.24,0.0,105.24,41.91,30.03,,unredeemed
2023-12-02,b80cd3ca-3abb-405a-82e0-c0aa16a85d7b,Houston,US,5c96b117-0751-4fb9-a037-3ab85332236f,5c96b117-0751-4fb9-a037-3ab85332236f,app,1.0,103.08,0.0,103.08,33.06,21.62,,expired
2023-12-03,07b4a169-61e7-4cb9-86d2-f95141e11140,Madrid,ES,f6c9f1e8-0a9b-41a1-8202-b73916dadb1a,eae2f170-b349-497f-90e6-f50b682f0d96,web,1.08,150.08,0.0,150.08,30.81,28.15,,unredeemed
2023-12-04,b91a5a99-3fe9-45e4-98a7-e379f61d7a67,Leeds,GB,48683295-6f38-4d04-92ed-1d9ba874fa07,48683295-6f38-4d04-92ed-1d9ba874fa07,web,1.27,200.11,0.0,200.11,51.01,40.24,,unredeemed
2023-12-06,dc033665-eb51-4027-8d65-fd5c6298c20b,New York,US,37dde0e8-eeec-4036-b7c3-db421ee4258e,59efb509-9d65-4990-b88a-f34ef33a3ad0,web,1.0,48.74,0.0,48.74,16.5,8.66,,redeemed
2023-12-10,517383a5-8d1c-45e8-be37-6cea8421d601,Los Angeles,US,71833193-df6b-47c1-beeb-7c0b622f9909,71833193-df6b-47c1-beeb-7c0b622f9909,web,1.0,113.57,24.85,88.72,26.3,25.52,PROMO47,expired
2023-12-11,71c9ecf4-5e9f-4617-b0bd-f27e5a5e8ba8,New York,US,240d3c04-a65f-4d09-8fb1-da851e1ca36b,240d3c04-a65f-4d09-8fb1-da851e1ca36b,web,1.0,277.49,0.0,277.49,99.35,79.95,,redeemed
2023-12-12,c5ed1be6-dc7c-4cd0-9b84-dba82cfab9e1,Phoenix,US,cb310c96-85a0-458c-8a60-603aaf22e77a,cb310c96-85a0-458c-8a60-603aaf22e77a,web,1.0,131.58,22.81,108.77,33.88,21.87,PROMO51,redeemed
2023-12-13,1851f014-fb8f-44e0-8d4d-0cc363edbeab,Barcelona,ES,3e3abd21-3df9-419c-ab7b-7ee67b8f91bf,3e3abd21-3df9-419c-ab7b-7ee67b8f91bf,web,1.08,85.82,0.0,85.82,28.98,24.43,,unredeemed
2023-12-13,59833e0f-0aad-4498-97d0-c68f606c5874,Krakow,PL,9122bb31-58a3-49aa-966b-8494e574d9d6,9122bb31-58a3-49aa-966b-8494e574d9d6,app,0.25,85.01,0.0,85.01,25.86,20.42,,redeemed
2023-12-13,6f89b3bb-9633-4954-b0ae-ef64267ad2ed,Phoenix,US,bf426927-f877-40bf-a7ff-3df1db22acff,bf426927-f877-40bf-a7ff-3df1db22acff,app,1.0,90.29,22.35,67.94,18.19,13.02,PROMO95,redeemed
2023-12-14,b91a5a99-3fe9-45e4-98a7-e379f61d7a67,Leeds,GB,2e3e8ae6-0b46-409b-8393-16aa637a5e5c,dcc348b4-4445-49be-8463-cd2d68b07b4b,web,1.27,239.33,0.0,239.33,67.81,55.9,,redeemed
2023-12-17,c5ed1be6-dc7c-4cd0-9b84-dba82cfab9e1,Phoenix,US,80a7967e-b6de-4f93-bd82-aeb1413c27ec,80a7967e-b6de-4f93-bd82-aeb1413c27ec,app,1.0,70.46,0.0,70.46,24.93,14.5,,unredeemed
2023-12-17,398d9211-8c62-4f1e-a85b-977b4497adf0,Los Angeles,US,695c0e3c-83cd-47fe-a4b7-9a221c4170d0,695c0e3c-83cd-47fe-a4b7-9a221c4170d0,app,1.0,213.53,48.77,164.76,42.53,46.4,PROMO43,redeemed
2023-12-22,d563d0c1-9497-483e-89aa-af96c4267147,Munich,DE,6d2e9da1-d8f4-46bc-bc76-3db47cdd3649,6d2e9da1-d8f4-46bc-bc76-3db47cdd3649,app,1.08,24.38,0.0,24.38,7.01,6.54,,redeemed
2023-12-22,2eeb0b48-d72b-4a85-97a2-5f07b813f78d,Lyon,FR,dbd8d74e-d1aa-409c-a2d5-5277bf77dbf6,dbd8d74e-d1aa-409c-a2d5-5277bf77dbf6,web,1.08,226.91,82.19,144.72,38.22,35.72,PROMO70,redeemed
2023-12-24,ff97e7ad-85bd-40fc-a374-daf3e385c858,Houston,US,5479fe5e-fbcf-4fb4-8581-4dde148b6a46,5479fe5e-fbcf-4fb4-8581-4dde148b6a46,app,1.0,158.92,0.0,158.92,42.65,27.61,,redeemed
2023-12-25,f73151ae-5cd9-47ea-8f28-c27b266d0762,Phoenix,US,73192e63-43ce-4ec5-bacd-d8df061604d4,73192e63-43ce-4ec5-bacd-d8df061604d4,web,1.0,233.95,0.0,233.95,55.95,52.9,,redeemed
2023-12-26,d563d0c1-9497-483e-89aa-af96c4267147,Munich,DE,992a140f-8ce9-45f1-9312-046407d288b5,94891f4d-b08f-4c0c-9f42-992d0ba6ad8a,app,1.08,68.18,0.0,-68.18,-27.05,-16.16,,refunded
2023-12-26,0ad0df8a-e2f2-4ca4-b211-5dc4c7b24fd8,Madrid,ES,ca3fd9c0-d420-4dcf-9f98-bdab6c5a880b,ca3fd9c0-d420-4dcf-9f98-bdab6c5a880b,app,1.08,248.26,0.0,248.26,60.87,58.43,,unredeemed
2023-12-27,0b586175-1bf6-41a7-9d30-6b815463b7e5,Manchester,GB,a221a7ec-34a0-4091-8cc6-14f058ce6190,a221a7ec-34a0-4091-8cc6-14f058ce6190,web,1.27,175.31,0.0,175.31,58.21,46.52,,redeemed
2023-12-28,9115c282-6e1e-4996-92e8-aec353492150,Lyon,FR,1effae29-0bc5-4617-8c28-9b7c1f14c520,1effae29-0bc5-4617-8c28-9b7c1f14c520,web,1.08,273.07,0.0,273.07,89.5,84.1,,redeemed
2023-12-31,0ad0df8a-e2f2-4ca4-b211-5dc4c7b24fd8,Madrid,ES,0d610bf5-87c1-4433-a51d-aba0214c29c9,0d610bf5-87c1-4433-a51d-aba0214c29c9,app,1.08,76.9,0.0,76.9,21.04,18.46,,unredeemed
2023-12-31,acbb7e59-5f72-4431-903b-2383db712ed2,Phoenix,US,cd815c4a-c5f7-4efd-80ed-de0e0e0b5631,cd815c4a-c5f7-4efd-80ed-de0e0e0b5631,touch,1.0,98.94,0.0,98.94,24.29,25.37,,redeemed
2023-12-31,a1defa36-928d-4e05-9e7d-695914fcf25b,Krakow,PL,22081301-243a-4adb-a529-0f3811a5151c,2a9b17fd-3167-493d-ba0d-73a5a47c0fb5,web,0.25,119.74,0.0,119.74,31.75,27.32,,redeemed
2024-01-02,1f9901c4-42ee-4abb-b82a-aff043cd6a79,Manchester,GB,db646ceb-349f-418b-b65c-2060084158be,db646ceb-349f-418b-b65c-2060084158be,app,1.27,159.04,62.78,-96.26,-33.58,-24.88,PROMO74,refunded
2024-01-03,1c457244-73d6-4a5b-b6ff-995eb64dae17,Berlin,DE,b2130852-f4b8-4d1e-bedc-674b47c83843,b2130852-f4b8-4d1e-bedc-674b47c83843,web,1.08,61.43,23.09,38.34,12.44,12.1,PROMO13,expired
2024-01-05,e4beeb59-be5f-46e2-81bc-273e8c779f16,Madrid,ES,430194c2-7efd-4da1-9146-a2b4b261f155,430194c2-7efd-4da1-9146-a2b4b261f155,app,1.08,168.1,0.0,168.1,54.83,35.97,,redeemed
2024-01-16,1c457244-73d6-4a5b-b6ff-995eb64dae17,Berlin,DE,3d546cad-e875-46ec-baf9-9567e9dbf476,3d546cad-e875-46ec-baf9-9567e9dbf476,web,1.08,29.83,11.82,18.01,5.96,4.16,PROMO74,redeemed
2024-01-16,721376b1-3b75-4d10-aca6-d7bf3b85071a,Marseille,FR,4f09a7c7-8e34-4da2-ab50-96bda75dc1ca,443c199d-7596-45b8-9801-10889a40ac21,app,1.08,102.45,23.72,-78.73,-26.7,-22.99,PROMO70,refunded
2024-01-22,c04af2d4-2965-45cf-b2c5-d1f6cd98c2c1,Manchester,GB,72e2028f-edfa-424a-afc8-d2b01cb35cf1,72e2028f-edfa-424a-afc8-d2b01cb35cf1,web,1.27,109.66,34.66,75.0,20.45,14.4,PROMO90,redeemed
2024-01-24,4ff51227-2423-4f1a-bc2d-f83aa983ac21,Los Angeles,US,43130cc6-bf94-4d94-978d-7ed3b570a0f4,6a51513b-0ec4-449b-8cb7-1b1bb5e691bc,app,1.0,161.77,0.0,161.77,58.06,51.23,,expired
2024-01-29,2bae452c-69a1-4242-9379-ca0d084f3e95,Phoenix,US,50af6b31-3693-46e6-8208-77d424fb3ab0,50af6b31-3693-46e6-8208-77d424fb3ab0,web,1.0,16.69,0.0,16.69,6.2,4.13,,redeemed
2024-01-29,b3ff602d-a1cd-4d72-8b75-a6c0646b35d5,Rome,IT,80b60454-02c2-4916-99d9-7852655d1870,80b60454-02c2-4916-99d9-7852655d1870,app,1.08,83.39,0.0,83.39,19.01,18.39,,unredeemed
2024-01-29,f4855f53-e309-4eba-a5b1-37e3eae02469,Manchester,GB,33f6c0c0-e740-4fa3-8094-4d8977a24ea3,33f6c0c0-e740-4fa3-8094-4d8977a24ea3,touch,1.27,251.48,0.0,251.48,69.07,54.9,,redeemed
2024-01-31,50865f0b-57cf-4cf8-be9a-a47f402bc46f,Frankfurt,DE,ebc08950-9d10-4623-ae81-b940f70dde1a,2b187226-325c-41ab-9fd5-f21d7ab9f036,app,1.08,156.79,24.97,131.82,49.31,27.57,PROMO33,redeemed
2024-02-01,120181ee-dfcb-41b9-a746-7a5ab4f0b135,Munich,DE,417f52e5-3ddd-4b73-95ee-9454098260ac,417f52e5-3ddd-4b73-95ee-9454098260ac,web,1.08,123.31,0.0,123.31,46.96,36.83,,redeemed
2024-02-01,dbf6a500-8db6-4bf7-bb83-2c9bc0d60d47,Chicago,US,a97ac2c1-aeaa-4615-99ec-7c7d902036fb,a97ac2c1-aeaa-4615-99ec-7c7d902036fb,web,1.0,222.91,45.92,176.99,39.7,32.53,PROMO41,redeemed
2024-02-05,50865f0b-57cf-4cf8-be9a-a47f402bc46f,Frankfurt,DE,9ec9660d-19c6-489b-8a5e-f4a2bfe0b69b,9ec9660d-19c6-489b-8a5e-f4a2bfe0b69b,app,1.08,121.37,37.84,83.53,24.63,18.1,PROMO96,redeemed
2024-02-07,436ce166-b309-4c6b-8b0c-198c3cf060fb,New York,US,359a337f-7ea8-4581-8186-fc2688179838,359a337f-7ea8-4581-8186-fc2688179838,app,1.0,192.6,75.05,117.55,30.59,32.39,PROMO98,redeemed
2024-02-09,75613d65-42cc-4a71-9209-4c80041599fe,Marseille,FR,1e9c336d-0954-470f-9b93-38d68820298a,1e9c336d-0954-470f-9b93-38d68820298a,web,1.08,91.69,23.61,68.08,21.16,15.84,PROMO44,redeemed
2024-02-09,1851f014-fb8f-44e0-8d4d-0cc363edbeab,Barcelona,ES,13d64081-5389-4f60-a112-1060bbe807f1,13d64081-5389-4f60-a112-1060bbe807f1,web,1.08,215.51,67.41,148.1,53.26,30.81,PROMO81,redeemed
2024-02-12,bbb0f6f1-ae0e-49f6-b2d4-73a530b0bf7e,Milan,IT,7bbf49d9-f93d-4404-b012-a5fa01f885a1,7bbf49d9-f93d-4404-b012-a5fa01f885a1,web,1.08,243.09,44.65,198.44,60.37,56.17,PROMO89,unredeemed
2024-02-15,e648cba3-21dd-494b-a513-7731e1df21b3,Paris,FR,dd518f65-7971-43b4-af64-3e2867ec691a,dd518f65-7971-43b4-af64-3e2867ec691a,app,1.08,237.48,0.0,237.48,62.73,64.15,,redeemed
2024-02-18,acbb7e59-5f72-4431-903b-2383db712ed2,Phoenix,,f1a405ec-6ad9-4357-9a8e-ce921deb0590,f1a405ec-6ad9-4357-9a8e-ce921deb0590,touch,1.0,57.8,8.58,49.22,18.35,12.51,PROMO72,redeemed
2024-02-19,b69f0520-3fd5-4588-8eaa-384a5d2def70,Manchester,GB,1afa6441-af91-419f-a3b3-b795e7003e64,8de62acb-cc14-48be-9820-baef9046de04,web,1.27,158.09,24.23,133.86,42.04,35.84,PROMO72,redeemed
2024-02-21,b9c56062-9747-4212-8d3a-5b7a1f404dd1,Chicago,US,e2ec5b49-634b-4ee7-bbf6-9efde612255f,e2ec5b49-634b-4ee7-bbf6-9efde612255f,app,1.0,109.96,0.0,109.96,26.39,21.63,,redeemed
2024-02-23,ceb935cf-5d6a-4dce-be54-429b957bc75f,Birmingham,GB,3b475e1c-545a-46cd-b53e-ac4f8c6b7c8c,3b475e1c-545a-46cd-b53e-ac4f8c6b7c8c,web,1.27,260.05,0.0,260.05,86.53,73.92,,redeemed
2024-02-23,4eb94b00-6131-4fdc-8ec9-2eaab29f2310,London,GB,c6fe8412-1179-4b26-8216-dbb14af626a9,c6fe8412-1179-4b26-8216-dbb14af626a9,web,1.27,275.35,0.0,275.35,66.43,62.23,,unredeemed
2024-02-23,664553ea-c414-4f31-b689-0a0ac009956a,Madrid,,d80d265b-557b-4b51-a29f-7d6041771c4e,d80d265b-557b-4b51-a29f-7d6041771c4e,web,1.08,216.19,0.0,216.19,74.53,46.78,,redeemed
2024-02-24,26661eb5-977d-4f44-9af2-abc2f7da5e13,Wroclaw,PL,4117ced6-430e-4754-8df4-a6dda0ce9fe8,4117ced6-430e-4754-8df4-a6dda0ce9fe8,web,0.25,169.8,47.32,122.48,39.13,22.75,PROMO11,redeemed
2024-02-24,6d4879ff-d5f4-4dce-8786-9507d1b97f8c,Warsaw,,e35193e8-e23d-42dc-a0a6-ed0af52693e0,e35193e8-e23d-42dc-a0a6-ed0af52693e0,app,0.25,206.04,0.0,206.04,54.97,50.99,,expired
2024-02-26,29b0807f-68e7-4cf0-826d-4ab931808482,Chicago,US,39c7b02c-4a81-4fa9-8eb8-3440a8aca128,39c7b02c-4a81-4fa9-8eb8-3440a8aca128,web,1.0,138.89,0.0,138.89,36.99,21.96,,redeemed
2024-02-27,904d7f85-0a50-4903-b561-328c081e431f,Los Angeles,US,6875c085-44f7-4c54-b24d-21109357ff0f,6875c085-44f7-4c54-b24d-21109357ff0f,web,1.0,229.42,0.0,229.42,92.19,72.48,,unredeemed
2024-02-28,18c18a1c-266c-4710-8919-89eb9fea1113,Houston,US,b12e87d4-d735-4718-b4da-75c95099386b,b12e87d4-d735-4718-b4da-75c95099386b,app,1.0,199.68,0.0,199.68,77.35,45.89,,redeemed
2024-03-02,316bf399-39aa-433a-bf34-255bb0f992eb,Chicago,US,69132eb9-4c6a-405b-b4b5-4e31924cfea8,5cd06ea4-cb71-40c9-b9f3-887116ad06f5,app,1.0,35.08,10.63,24.45,8.23,6.86,PROMO35,redeemed
2024-03-03,af22bfc6-146a-4536-8a15-d0753e9ffc41,Krakow,PL,5577e0b5-65a3-4efe-8f1f-2d8b7b755d99,5577e0b5-65a3-4efe-8f1f-2d8b7b755d99,web,0.25,255.13,0.0,255.13,96.38,49.03,,redeemed
2024-03-06,dbf6a500-8db6-4bf7-bb83-2c9bc0d60d47,Chicago,US,9033d019-07da-49e9-8f8d-e1eb4a8fa69f,9033d019-07da-49e9-8f8d-e1eb4a8fa69f,web,1.0,70.36,0.0,70.36,28.15,17.06,,redeemed
2024-03-13,cc3dd407-e8b3-46d9-a360-910dba152dd9,Wroclaw,PL,d86b153e-8731-4410-a03d-bb5b7837de58,b1bc3da0-e4e8-482c-95a1-82895bef11e3,web,0.25,199.09,0.0,199.09,48.01,34.13,,redeemed
2024-03-14,639a3449-cc8a-4fd6-9abf-f185c509415c,Warsaw,PL,abf22446-a1e3-4678-934f-209444714796,abf22446-a1e3-4678-934f-209444714796,web,0.25,125.57,47.59,77.98,30.32,25.29,PROMO42,redeemed
2024-03-14,92850562-9802-4ccb-acfc-f7d169d6711c,Chicago,US,a4ff111e-c99c-4ba0-ad45-d283af221457,a4ff111e-c99c-4ba0-ad45-d283af221457,app,1.0,236.39,0.0,236.39,76.54,55.83,,expired
2024-03-14,8585b484-dbc5-474d-afce-3438c47f0d93,Warsaw,PL,377f4ac6-641b-491a-accc-0c2b5a7ca3af,377f4ac6-641b-491a-accc-0c2b5a7ca3af,web,0.25,150.09,39.33,110.76,32.16,21.19,PROMO72,redeemed
2024-03-16,f0295852-527a-49af-b02e-3830584b3d72,New York,US,ce6e4eb5-cae8-44e1-bff7-0deebd464795,0b2f733c-ea13-4a18-a0fd-7308a4c7323e,touch,1.0,72.84,0.0,72.84,21.4,20.86,,unredeemed
2024-03-16,50865f0b-57cf-4cf8-be9a-a47f402bc46f,Frankfurt,DE,940f549d-4e67-468f-8c19-73bb50084883,940f549d-4e67-468f-8c19-73bb50084883,app,1.08,166.24,0.0,166.24,46.26,33.74,,redeemed
2024-03-17,4be50a8f-efb2-40b0-be85-b1d1af7fbd0d,Phoenix,US,78b934dd-3019-4410-8d3b-c6c5c1a67c7a,78b934dd-3019-4410-8d3b-c6c5c1a67c7a,app,1.0,175.8,30.96,144.84,49.59,33.28,PROMO76,redeemed
2024-03-18,5d92ba06-1685-41d0-99f2-251f7a6a2823,Marseille,FR,ae0684d5-5165-4511-9901-a9d3cfe55190,ae0684d5-5165-4511-9901-a9d3cfe55190,web,1.08,80.0,0.0,80.0,20.72,14.21,,redeemed
2024-03-19,31942097-0ef9-4c74-8fe1-4e963c5e8c72,Los Angeles,US,119314cd-0499-4ca4-ba31-c57681b2157e,119314cd-0499-4ca4-ba31-c57681b2157e,touch,1.0,204.1,0.0,204.1,73.87,51.51,,expired
2024-03-20,b9c56062-9747-4212-8d3a-5b7a1f404dd1,Chicago,US,5be83781-d5b1-4f6d-b8c5-68fd92665d7f,5be83781-d5b1-4f6d-b8c5-68fd92665d7f,web,1.0,266.6,0.0,-266.6,-100.96,-58.59,,refunded
2024-03-20,10c786ac-a886-4f80-83da-5b61f5a106ad,Milan,IT,ec4d85ff-c043-4aa3-b0f5-fbc375b39a85,ec4d85ff-c043-4aa3-b0f5-fbc375b39a85,app,1.08,188.06,60.35,127.71,37.72,21.63,PROMO86,expired
2024-03-22,63101b95-7540-475b-a76d-d62536419e31,Chicago,US,fee9f087-fda7-4551-9a95-4d8aa7289b0f,57dc0e8e-ea5d-46ce-b609-db0617ce5f9d,app,1.0,205.5,0.0,205.5,71.02,38.66,,unredeemed
2024-03-22,fffcd159-1353-4419-b83b-80541f9f39e1,Birmingham,GB,ca73f4eb-6a34-466e-bac1-a9dcc9e22631,3fb07b46-44a5-4ace-9abc-8126f3850ded,app,1.27,26.32,0.0,26.32,10.03,7.19,,redeemed
2024-03-22,18c18a1c-266c-4710-8919-89eb9fea1113,Houston,US,1c1ed627-9c1a-446f-94a3-c579b6ba48a7,1c1ed627-9c1a-446f-94a3-c579b6ba48a7,touch,1.0,94.58,0.0,94.58,38.54,20.72,,redeemed
2024-03-22,7775151d-6a12-4646-8ca1-fe02f8a628b7,Naples,IT,532d15a7-f19a-4f9e-990c-781991315d3b,c3b4a934-2b7e-4b62-8d96-ac0351fbc966,app,1.08,109.75,0.0,109.75,38.34,32.54,,expired
2024-03-25,1c457244-73d6-4a5b-b6ff-995eb64dae17,Berlin,DE,336e4d01-2337-45bb-88e6-9467f22e9af5,60fec985-7177-4b43-a325-613783e44dae,app,1.08,195.47,0.0,195.47,59.24,43.7,,redeemed
2024-03-25,f6b37fb9-9899-41fa-a462-3312e82f6202,Barcelona,ES,6ba31ac3-e6f8-4c03-8ba4-2d2cf6aa92ea,6ba31ac3-e6f8-4c03-8ba4-2d2cf6aa92ea,touch,1.08,158.14,0.0,158.14,52.17,46.36,,redeemed
2024-03-28,7a94a1cc-b8ff-461e-b9f1-4dd29e7a749a,Lyon,FR,946d9527-02d0-4515-855c-68f2c9cd7759,946d9527-02d0-4515-855c-68f2c9cd7759,app,1.08,112.14,30.65,81.49,20.53,13.29,PROMO38,redeemed
2024-03-30,f4006ce1-a385-404f-8030-71fc252bb616,Manchester,GB,63e4569e-5ea8-4790-b8d2-c0677d9ea750,63e4569e-5ea8-4790-b8d2-c0677d9ea750,web,1.27,28.06,0.0,-28.06,-8.15,-7.57,,refunded
2024-03-30,3128b8a3-18e3-407f-b19f-1dba78f93791,Milan,IT,33f5b6e6-a14f-4c5f-b18a-238da057b1e6,33f5b6e6-a14f-4c5f-b18a-238da057b1e6,app,1.08,180.39,0.0,180.39,44.79,40.44,,expired
2024-04-01,b80cd3ca-3abb-405a-82e0-c0aa16a85d7b,Houston,US,0ed474a4-e07c-4527-a4ea-9ff898ef506c,0ed474a4-e07c-4527-a4ea-9ff898ef506c,app,1.0,121.63,37.74,83.89,31.61,19.54,PROMO19,redeemed
2024-04-02,b91a5a99-3fe9-45e4-98a7-e379f61d7a67,Leeds,GB,ac1fa661-edb3-4304-a4f8-92c71372aa46,ac1fa661-edb3-4304-a4f8-92c71372aa46,web,1.27,25.06,0.0,25.06,7.26,4.58,,redeemed
2024-04-03,aa81f0e5-484e-4ee7-b637-f1dde7ff22c0,Birmingham,GB,3109d617-682a-4de2-ba2d-8e1b2c46a72f,3109d617-682a-4de2-ba2d-8e1b2c46a72f,web,1.27,109.28,0.0,109.28,42.42,32.57,,redeemed
2024-04-06,3844c1a9-c539-41a4-81ed-27c9ac29c142,Birmingham,GB,b72df073-22c7-48ab-b974-a8f755cd7d63,b72df073-22c7-48ab-b974-a8f755cd7d63,web,1.27,63.44,0.0,-63.44,-18.15,-18.6,,refunded
2024-04-09,3844c1a9-c539-41a4-81ed-27c9ac29c142,Birmingham,GB,848de0c2-89dc-42fe-bb7b-8f6e3fb96c60,848de0c2-89dc-42fe-bb7b-8f6e3fb96c60,web,1.27,159.84,36.09,123.75,38.72,24.56,PROMO81,redeemed
2024-04-09,f4b1dcde-ea2b-44c0-88b7-5a0805094fd4,Munich,DE,880edb4d-84d8-4ac7-92a1-d965be62c40f,880edb4d-84d8-4ac7-92a1-d965be62c40f,web,1.08,276.13,0.0,276.13,87.63,67.14,,unredeemed
2024-04-09,d87288e6-8f7b-463d-9945-5062e2f35011,Chicago,US,e09dfbd0-606d-48ea-9926-18f93697c2f5,e09dfbd0-606d-48ea-9926-18f93697c2f5,app,1.0,243.52,0.0,243.52,75.06,56.58,,redeemed
2024-04-09,9115c282-6e1e-4996-92e8-aec353492150,Lyon,FR,12bdfcb9-8022-4803-9133-db6c79c3eec6,12bdfcb9-8022-4803-9133-db6c79c3eec6,web,1.08,279.49,0.0,279.49,94.12,66.43,,redeemed
2024-04-10,450fa25a-cfb8-420e-91b1-97ee3faedad3,Madrid,ES,158585a2-6847-4303-a516-8c20205e27c1,4ef19716-9b74-49a7-acbc-842493afb030,app,1.08,79.89,0.0,79.89,22.37,22.89,,redeemed
2024-04-11,1a53bc39-4246-4783-823d-0505d44d1b9a,Lyon,FR,08d6ee0a-4371-4841-8f73-faff39178c8d,08d6ee0a-4371-4841-8f73-faff39178c8d,touch,1.08,250.76,0.0,-250.76,-77.78,-47.76,,refunded
2024-04-12,0f5e0152-0703-44ca-be54-ab52ec0144ef,Leeds,GB,534d3e9d-3b17-4b25-bbc1-69095740ec32,534d3e9d-3b17-4b25-bbc1-69095740ec32,web,1.27,116.39,0.0,116.39,31.94,31.74,,redeemed
2024-04-13,639a3449-cc8a-4fd6-9abf-f185c509415c,Warsaw,PL,b01901e5-c372-49b1-a4ee-ede86641c3dd,b01901e5-c372-49b1-a4ee-ede86641c3dd,web,0.25,211.84,0.0,-211.84,-75.56,-46.57,,refunded
2024-04-15,63101b95-7540-475b-a76d-d62536419e31,Chicago,US,b4e9021d-24c7-4d0b-a1d3-7789a4732d36,b4e9021d-24c7-4d0b-a1d3-7789a4732d36,app,1.0,133.71,16.08,117.63,34.79,35.18,PROMO32,unredeemed
2024-04-17,42379f84-1fd5-40a3-9788-6bfbc797b1b3,Valencia,ES,dfbe75a7-355f-4069-b6a4-6568d875f8c7,dfbe75a7-355f-4069-b6a4-6568d875f8c7,web,1.08,198.33,0.0,198.33,80.92,61.82,,unredeemed
2024-04-18,cda005dd-6974-4afd-953b-2ba0e6c30ca8,Phoenix,US,64e5c193-d4aa-40d5-b2af-ae60c901cb24,64e5c193-d4aa-40d5-b2af-ae60c901cb24,web,1.0,94.03,0.0,94.03,24.41,16.46,,unredeemed
2024-04-22,858c41d6-98d6-456e-806d-b659fddf8e20,Marseille,FR,d49adbfd-5e42-48ac-ac56-2af967a1d2df,d49adbfd-5e42-48ac-ac56-2af967a1d2df,app,1.08,90.21,0.0,90.21,23.0,19.78,,unredeemed
2024-04-23,50865f0b-57cf-4cf8-be9a-a47f402bc46f,Frankfurt,DE,4bfc41a8-36b6-4905-a911-6f8e1021a64d,4bfc41a8-36b6-4905-a911-6f8e1021a64d,app,1.08,259.24,0.0,259.24,65.66,49.74,,redeemed
2024-04-24,928a252a-a86f-4f2b-a905-f9972d648f59,Naples,IT,fc9fe7a2-3094-4d64-9e28-ded1f06fc163,fc9fe7a2-3094-4d64-9e28-ded1f06fc163,app,1.08,220.01,0.0,220.01,78.39,71.46,,unredeemed
2024-04-25,244a1a93-6435-42bc-a346-e1570c33077e,Phoenix,US,4197246e-d1f7-43e5-9629-282c083f449f,4197246e-d1f7-43e5-9629-282c083f449f,web,1.0,195.92,0.0,195.92,63.85,43.57,,unredeemed
2024-04-28,eb314b59-f34b-4713-813c-992f36b28fe1,Houston,US,9bd9c5a8-5723-4cff-bcb0-db825cd64185,9bd9c5a8-5723-4cff-bcb0-db825cd64185,web,1.0,232.86,79.03,153.83,36.33,37.36,PROMO86,expired
2024-04-29,699b5f7b-2318-444d-9fa7-18ee1f601284,Rome,IT,a8b7e87a-81b5-4795-ba31-5962f5152d87,a8b7e87a-81b5-4795-ba31-5962f5152d87,web,1.08,137.9,0.0,-137.9,-31.1,-22.7,,refunded
2024-05-02,2d62e63f-0e25-4d4d-b1c5-90f114d7b366,Barcelona,ES,3496d284-826f-4d22-a2b7-c2fed9f5da22,e0df412a-3a4b-4bf7-a056-5a6d775d1459,touch,1.08,100.56,15.07,85.49,25.12,21.19,PROMO33,unredeemed
2024-05-04,4eb94b00-6131-4fdc-8ec9-2eaab29f2310,London,GB,4fe79cc2-bc49-4000-a9fa-8a20bc0e57a7,4fe79cc2-bc49-4000-a9fa-8a20bc0e57a7,web,1.27,215.16,0.0,215.16,70.68,42.83,,expired
2024-05-05,75613d65-42cc-4a71-9209-4c80041599fe,Marseille,FR,2c93d7bb-9439-48af-bc0e-dd89d38c5c86,2c93d7bb-9439-48af-bc0e-dd89d38c5c86,web,1.08,129.43,0.0,129.43,39.99,20.17,,expired
2024-05-06,10c786ac-a886-4f80-83da-5b61f5a106ad,Milan,IT,7bcd9ff4-cc4d-430d-bae2-ecbedf2040cc,980d526f-f0e1-4809-b2a5-04ad55140678,app,1.08,170.77,0.0,170.77,46.04,44.41,,redeemed
2024-05-06,b63729c3-2783-4eb7-9af0-6e92662b5fbf,Naples,IT,a739342f-76ce-473f-a6f3-5e3f4bda4909,a739342f-76ce-473f-a6f3-5e3f4bda4909,web,1.08,199.92,0.0,199.92,76.92,42.65,,unredeemed
2024-05-08,604d0942-98ef-4226-ab7b-a166a622f648,Marseille,FR,22e63459-09dc-4938-9f4c-5ac004d255be,22e63459-09dc-4938-9f4c-5ac004d255be,app,1.08,246.07,0.0,246.07,88.11,69.08,,unredeemed
2024-05-10,2d62e63f-0e25-4d4d-b1c5-90f114d7b366,Barcelona,ES,ef8fa14b-59b1-4ca6-a804-0680d7ebcba2,ef8fa14b-59b1-4ca6-a804-0680d7ebcba2,app,1.08,185.91,0.0,185.91,50.22,48.7,,unredeemed
2024-05-10,0ad0df8a-e2f2-4ca4-b211-5dc4c7b24fd8,Madrid,ES,d52ac9b9-4af1-4572-a4e7-66cb070a85d1,d52ac9b9-4af1-4572-a4e7-66cb070a85d1,app,1.08,178.56,19.77,-158.79,-38.73,-30.87,PROMO69,refunded
2024-05-14,2bae452c-69a1-4242-9379-ca0d084f3e95,Phoenix,US,351f1db5-4e16-49c4-8ba4-bd3d73e69703,351f1db5-4e16-49c4-8ba4-bd3d73e69703,web,1.0,25.77,0.0,25.77,8.11,6.79,,redeemed
2024-05-15,a4ac1244-8cae-4f87-a76f-a4a26e373683,Warsaw,PL,ed73bd0a-dee9-4c2c-95c0-12cc8b8a8fd6,ed73bd0a-dee9-4c2c-95c0-12cc8b8a8fd6,app,0.25,71.69,0.0,71.69,21.16,16.3,,redeemed
2024-05-16,84e19081-a514-465c-bf22-eecf5d857319,New York,US,69d28e8e-a46a-47e5-be69-49c20cf87313,69d28e8e-a46a-47e5-be69-49c20cf87313,app,1.0,188.9,0.0,188.9,56.58,50.34,,redeemed
2024-05-18,ad0f084b-0053-4b8d-a352-96a11da0d54b,Lyon,FR,2afe4404-379e-4c41-b121-9973d73b2c03,2afe4404-379e-4c41-b121-9973d73b2c03,app,1.08,80.03,0.0,80.03,24.11,16.17,,redeemed
2024-05-19,3ee70e52-45ce-41ca-9671-bc63ad3b0529,Lyon,FR,d9a95df3-a4a8-4eef-a053-19ba4b0d92b7,d9a95df3-a4a8-4eef-a053-19ba4b0d92b7,web,1.08,93.17,30.98,62.19,18.15,11.28,PROMO31,unredeemed
2024-05-19,b3ff602d-a1cd-4d72-8b75-a6c0646b35d5,Rome,IT,4daf6aa0-47f5-487c-bd20-b0ddbcc4ea13,4daf6aa0-47f5-487c-bd20-b0ddbcc4ea13,web,1.08,232.02,0.0,232.02,51.51,51.03,,redeemed
2024-05-21,d563d0c1-9497-483e-89aa-af96c4267147,Munich,DE,0e95dccc-f664-428d-a1c2-d31a53d0837c,0e95dccc-f664-428d-a1c2-d31a53d0837c,app,1.08,59.92,0.0,59.92,19.03,11.26,,redeemed
2024-05-22,ad0f084b-0053-4b8d-a352-96a11da0d54b,Lyon,FR,af17705f-d3a3-45f9-9d08-01bb64ba7d44,af17705f-d3a3-45f9-9d08-01bb64ba7d44,app,1.08,187.93,0.0,187.93,52.63,37.62,,redeemed
2024-05-23,928a252a-a86f-4f2b-a905-f9972d648f59,Naples,IT,9f44349e-2f96-43e5-b81e-2a10dd8b7c51,438a6bd9-2556-4a52-aeb8-4e5f3cb51d68,web,1.08,91.1,30.9,60.2,13.56,12.97,PROMO49,unredeemed
2024-05-24,436ce166-b309-4c6b-8b0c-198c3cf060fb,New York,US,f3c46d36-0abe-4326-bf79-99c237ac997e,f3c46d36-0abe-4326-bf79-99c237ac997e,app,1.0,121.34,26.15,-95.19,-28.82,-20.71,PROMO48,refunded
2024-05-24,3924b41f-b3cc-48f2-8d18-f065858de32e,Birmingham,GB,4c263bb1-327a-4aa1-a5e0-ef493ad3be5a,4c263bb1-327a-4aa1-a5e0-ef493ad3be5a,app,1.27,208.97,0.0,208.97,73.83,44.03,,redeemed
2024-05-25,96f0cc5e-c6ba-4bd4-981e-3fcd4ee63387,Paris,FR,c2f084d6-ae50-468b-9be5-e838c71b12ae,c2f084d6-ae50-468b-9be5-e838c71b12ae,web,1.08,119.52,0.0,119.52,35.97,20.85,,expired
2024-05-25,b63729c3-2783-4eb7-9af0-6e92662b5fbf,Naples,IT,95c315b2-d363-4ee0-acf5-964b46622234,95c315b2-d363-4ee0-acf5-964b46622234,web,1.08,204.42,0.0,204.42,58.24,35.47,,redeemed
2024-05-26,acbb7e59-5f72-4431-903b-2383db712ed2,Phoenix,US,361be389-b938-4e81-a063-45b5365e64de,361be389-b938-4e81-a063-45b5365e64de,touch,1.0,222.13,0.0,222.13,68.83,51.04,,redeemed
2024-05-26,6488ea50-5ff5-44be-86ec-8358ac4902c6,Rome,IT,06c1ad43-092f-4b69-a079-7676b6eaeeac,06c1ad43-092f-4b69-a079-7676b6eaeeac,app,1.08,49.25,0.0,49.25,17.37,12.55,,expired
2024-05-27,fcbcae59-689c-48bc-8fb2-a1d7a7b69db3,Barcelona,ES,62ed3f96-a306-4d55-8d10-278706733e70,62ed3f96-a306-4d55-8d10-278706733e70,app,1.08,155.14,0.0,155.14,44.83,52.37,,redeemed
2024-05-29,f2d30979-7e49-4ac1-a83d-8b99184cdc9e,Berlin,DE,1a99da1d-7561-44d4-bc9c-7097c000ad1d,1a99da1d-7561-44d4-bc9c-7097c000ad1d,app,1.08,53.96,17.65,36.31,11.36,9.23,PROMO45,redeemed
2024-05-30,f6b37fb9-9899-41fa-a462-3312e82f6202,Barcelona,ES,3440d0fc-6f02-42d6-ba7e-8a2b1a81bc32,3440d0fc-6f02-42d6-ba7e-8a2b1a81bc32,touch,1.08,191.63,0.0,191.63,56.48,45.88,,redeemed
2024-06-01,858c41d6-98d6-456e-806d-b659fddf8e20,Marseille,FR,7c227ff9-4200-437a-b499-7ba6d34c6103,2205aae7-fa11-4fe7-a729-30956cee6284,app,1.08,22.66,0.0,22.66,6.38,5.71,,redeemed
2024-06-01,1d4e1c93-b29b-4abd-9ec8-92e703dd0cc6,Paris,FR,793af8cd-3109-4453-961f-a53f0dddf007,ea409e19-e4ae-4c39-ae48-7f6de930e7dd,web,1.08,151.71,0.0,151.71,42.72,36.78,,redeemed
2024-06-02,4db308a5-f7ea-4928-9d62-8b929e41ce39,Phoenix,US,93c354a4-01b2-4735-a91f-e575f0063a9c,93c354a4-01b2-4735-a91f-e575f0063a9c,app,1.0,178.89,0.0,178.89,57.67,42.39,,redeemed
2024-06-04,d87288e6-8f7b-463d-9945-5062e2f35011,Chicago,US,bb8dd777-80e8-4714-a047-f50e64f2cfb5,eaffdafe-eb76-4511-9045-d036a4f8a6f1,app,1.0,220.19,0.0,220.19,48.3,47.47,,redeemed
2024-06-04,7cc09ec4-d19a-4ede-8771-6807bf3a53bd,Birmingham,GB,5e0f422d-e1a8-4e03-aaaf-5c4080a63894,5e0f422d-e1a8-4e03-aaaf-5c4080a63894,app,1.27,48.51,0.0,48.51,18.18,10.91,,redeemed
2024-06-05,904d7f85-0a50-4903-b561-328c081e431f,Los Angeles,US,9c5d37b9-a260-4f35-8c1b-dfb51b2626de,9c5d37b9-a260-4f35-8c1b-dfb51b2626de,web,1.0,20.37,0.0,20.37,5.81,5.34,,expired
2024-06-05,b9c56062-9747-4212-8d3a-5b7a1f404dd1,Chicago,US,9346fabf-e73f-4b93-ad11-c1cb2f0238f6,9346fabf-e73f-4b93-ad11-c1cb2f0238f6,web,1.0,210.42,74.78,-135.64,-32.21,-27.49,PROMO91,refunded
2024-06-05,fffcd159-1353-4419-b83b-80541f9f39e1,Birmingham,GB,7640c449-081a-40ea-8bc2-2cce262971d8,7640c449-081a-40ea-8bc2-2cce262971d8,app,1.27,172.12,0.0,172.12,43.14,40.37,,unredeemed
2024-06-07,d87288e6-8f7b-463d-9945-5062e2f35011,Chicago,US,4b0f05e9-3770-49b8-b775-cbdb23465336,4b0f05e9-3770-49b8-b775-cbdb23465336,app,1.0,85.47,0.0,85.47,22.54,17.48,,redeemed
2024-06-07,9bdff61c-76c9-48cd-9668-e77bf85ffd29,Leeds,GB,387b3e96-6ae2-4005-8f2b-d5e9324169ed,0569f876-ba17-4e85-ad15-2e9bb246fcf9,app,1.27,113.06,0.0,113.06,34.5,28.45,,unredeemed
2024-06-09,ceb935cf-5d6a-4dce-be54-429b957bc75f,Birmingham,GB,b1d8c70e-8df0-4a6b-94a7-505ba7edf070,b1d8c70e-8df0-4a6b-94a7-505ba7edf070,web,1.27,186.65,27.26,-159.39,-52.31,-35.99,PROMO35,refunded
2024-06-10,1a53bc39-4246-4783-823d-0505d44d1b9a,Lyon,FR,1949598b-e17a-41ba-ba86-9463607d3f52,c79fb237-806c-473d-9d4a-e5aa378a97e2,app,1.08,209.77,0.0,209.77,59.16,56.43,,unredeemed
2024-06-11,8b014f75-cb91-45e3-9be4-414b3ff466d6,Valencia,ES,e9125c44-c6ab-4179-93de-0dab8160a762,e35f58b7-69d6-4e29-9e2a-9a60f10215ab,app,1.08,165.13,0.0,165.13,38.84,38.2,,expired
2024-06-13,e4beeb59-be5f-46e2-81bc-273e8c779f16,Madrid,ES,bde738ad-0f9f-4ab8-a7d9-4e1c284ac556,bde738ad-0f9f-4ab8-a7d9-4e1c284ac556,app,1.08,85.52,0.0,85.52,26.87,21.93,,expired
2024-06-17,1c457244-73d6-4a5b-b6ff-995eb64dae17,Berlin,DE,2e8cab8c-7c86-497a-8611-1c4836ac41d3,e1d5c92b-4dcf-4a4d-a994-654ce78786c6,web,1.08,138.42,23.03,115.39,32.59,17.81,PROMO56,redeemed
2024-06-17,664553ea-c414-4f31-b689-0a0ac009956a,Madrid,ES,f8f4f3cd-6372-42e0-b0f9-3c70ef8c6ab2,f8f4f3cd-6372-42e0-b0f9-3c70ef8c6ab2,web,1.08,35.68,0.0,35.68,10.58,8.77,,redeemed
2024-06-18,4ff51227-2423-4f1a-bc2d-f83aa983ac21,Los Angeles,US,e93783d1-6467-457c-bc8b-93f284454ab0,e93783d1-6467-457c-bc8b-93f284454ab0,app,1.0,148.11,0.0,148.11,52.75,38.44,,redeemed
2024-06-20,377a00da-2798-43d5-a2b0-2d7830895d13,Houston,US,13313353-ebd7-4539-b4e1-97e680199637,13313353-ebd7-4539-b4e1-97e680199637,web,1.0,34.7,3.88,30.82,8.36,6.52,PROMO65,redeemed
2024-06-21,e7c0a699-0155-41c7-866e-a93dbfbbf0c7,Berlin,DE,f689bc72-80eb-48b0-bc54-5b9d3a984462,f689bc72-80eb-48b0-bc54-5b9d3a984462,web,1.08,139.94,0.0,139.94,45.06,24.22,,redeemed
2024-06-21,a620859b-9297-428a-bc2c-a0b11d7a0c01,Valencia,ES,0b6ef88a-da8e-4e09-ac04-79a1f286b6f8,0b6ef88a-da8e-4e09-ac04-79a1f286b6f8,web,1.08,78.13,27.49,50.64,14.07,12.43,PROMO83,redeemed
2024-06-26,25254b00-4181-4d8a-8964-65d35130e9ac,Hamburg,DE,774adc1c-f375-4192-9bc5-705eab254ee5,774adc1c-f375-4192-9bc5-705eab254ee5,web,1.08,33.75,0.0,33.75,10.62,7.89,,redeemed
2024-06-28,3fcf4264-7fce-46b7-afdf-6820d227bcc2,Phoenix,US,b9ca49f2-9dba-4260-84e7-0f067d8c0122,75718b4c-03a1-481b-9387-71b47f5180fc,app,1.0,11.27,0.0,11.27,3.39,2.49,,redeemed
2024-06-29,639a3449-cc8a-4fd6-9abf-f185c509415c,Warsaw,PL,db0a017b-be9e-4555-9e57-479f2cf634dd,db0a017b-be9e-4555-9e57-479f2cf634dd,web,0.25,203.46,0.0,203.46,54.73,44.6,,unredeemed
2024-06-30,10c786ac-a886-4f80-83da-5b61f5a106ad,Milan,IT,453077eb-de51-412d-a5d6-489044a67649,d4b5a40c-1eb7-4801-97c9-b86d62b98712,app,1.08,243.08,42.75,200.33,61.5,48.36,PROMO94,redeemed
2024-07-05,cb4edcce-005d-4c4a-84a3-396d2b147bab,New York,US,e092edb9-ff5c-43d7-a45d-bf1818330560,e092edb9-ff5c-43d7-a45d-bf1818330560,web,1.0,185.16,0.0,185.16,45.79,45.54,,unredeemed
2024-07-06,07f066a9-ff30-45bc-933c-5aff455cee3d,Rome,IT,595c0513-061c-453f-84a2-063618e961bd,595c0513-061c-453f-84a2-063618e961bd,web,1.08,225.12,59.75,165.37,51.91,32.49,PROMO93,redeemed
2024-07-07,450fa25a-cfb8-420e-91b1-97ee3faedad3,Madrid,ES,47b96801-555a-4117-92d1-d0ebaa559fd4,47b96801-555a-4117-92d1-d0ebaa559fd4,app,1.08,150.82,0.0,150.82,59.81,36.17,,unredeemed
2024-07-12,3128b8a3-18e3-407f-b19f-1dba78f93791,Milan,IT,99815e76-83dc-4103-8bca-b4551251b99f,206f03a0-43b8-49e0-82af-722357941ee0,app,1.08,116.59,0.0,-116.59,-36.57,-30.65,,refunded
2024-07-12,b8e652f5-4586-4d10-8900-83e705f3ee89,Manchester,GB,8fc490d0-cd9b-4c8e-8a4e-38555a20b346,8fc490d0-cd9b-4c8e-8a4e-38555a20b346,web,1.27,235.67,0.0,235.67,78.26,53.15,,redeemed
2024-07-15,5d92ba06-1685-41d0-99f2-251f7a6a2823,Marseille,FR,d260bd4e-72eb-4526-a15c-ba64b0276683,d260bd4e-72eb-4526-a15c-ba64b0276683,app,1.08,64.53,0.0,64.53,16.07,14.02,,redeemed
2024-07-15,377a00da-2798-43d5-a2b0-2d7830895d13,Houston,US,5719b92d-41d6-42d2-85f9-bd142c018578,4c3fdb1f-9679-434d-925d-fe8f85167028,web,1.0,258.52,99.82,158.7,51.4,43.64,PROMO27,redeemed
2024-07-15,25254b00-4181-4d8a-8964-65d35130e9ac,Hamburg,DE,4da94ea5-6ed9-40c1-aff8-374c23d10fae,2a90d7f8-3a7e-4466-b2eb-df3621739347,touch,1.08,54.26,6.07,48.19,11.9,9.35,PROMO19,unredeemed
2024-07-16,d1c42e41-4e53-4261-ad38-5a36de71cacc,Hamburg,DE,976fbeac-83b2-431d-83b2-20360d6b881d,87d78a65-36af-4d8d-851f-b8faf2b1a441,web,1.08,235.86,92.27,143.59,40.24,29.92,PROMO35,redeemed
2024-07-16,7a94a1cc-b8ff-461e-b9f1-4dd29e7a749a,Lyon,FR,8b80459d-8d59-4c52-b16b-a84ac2319fdf,8b80459d-8d59-4c52-b16b-a84ac2319fdf,touch,1.08,211.72,0.0,211.72,86.88,60.8,,unredeemed
2024-07-16,517383a5-8d1c-45e8-be37-6cea8421d601,Los Angeles,US,17cf679b-7704-4913-a48c-7ed7793411ea,17cf679b-7704-4913-a48c-7ed7793411ea,web,1.0,256.68,0.0,256.68,79.71,57.5,,redeemed
2024-07-17,2fc917f4-a9a1-4ce3-8926-ddf03c12b3c4,Phoenix,US,099aef2f-9a97-49a9-b896-9642466179c4,099aef2f-9a97-49a9-b896-9642466179c4,web,1.0,140.81,0.0,140.81,38.95,35.22,,unredeemed
2024-07-18,eb314b59-f34b-4713-813c-992f36b28fe1,Houston,US,bd8dfcfa-ae12-4875-8ee9-4e739f6a67d8,bd8dfcfa-ae12-4875-8ee9-4e739f6a67d8,web,1.0,194.48,61.74,132.74,34.41,36.55,PROMO10,unredeemed
2024-07-19,c04af2d4-2965-45cf-b2c5-d1f6cd98c2c1,Manchester,GB,d3eaea9d-0326-4c80-ac45-d7daeee9d1f9,d3eaea9d-0326-4c80-ac45-d7daeee9d1f9,web,1.27,262.68,0.0,262.68,79.24,48.21,,redeemed
2024-07-20,03ca3b9f-91e0-449a-9790-c8c09726ccaf,Paris,FR,79a3d14a-8ea2-41bd-beca-1707cc97136b,79a3d14a-8ea2-41bd-beca-1707cc97136b,app,1.08,167.51,0.0,167.51,47.89,31.63,,redeemed
2024-07-22,b8e652f5-4586-4d10-8900-83e705f3ee89,Manchester,GB,7cba7aa2-8a76-44df-89f6-9c24318c234b,12598d68-42a1-4b58-ab8d-994b9b02f224,web,1.27,220.41,79.55,140.86,52.57,34.27,PROMO39,redeemed
2024-07-26,3fcf4264-7fce-46b7-afdf-6820d227bcc2,Phoenix,US,e14b5116-59cb-45d7-8151-d9a91e8b680d,e14b5116-59cb-45d7-8151-d9a91e8b680d,web,1.0,23.07,0.0,23.07,8.31,6.08,,redeemed
2024-07-26,64261a01-c218-4e8e-967e-e822b1b5a04b,MANCHESTER,GB,fccfcda8-b725-4095-a679-901a87da66b1,d87c12cc-3eca-4518-9ec8-6863f85f262f,touch,1.27,196.83,27.18,169.65,52.4,38.94,PROMO12,redeemed
2024-07-27,4f5b02fb-72bc-4852-bfaf-6de9dc259e57,Birmingham,GB,1e234b4b-e23f-4310-9f4e-510bcd922370,1be93725-0bab-40f2-8b72-754be7ce1428,app,1.27,228.83,0.0,228.83,64.16,60.85,,expired
2024-07-29,c12bf9d6-199b-4d29-a6a1-ecafe5771fa7,Hamburg,DE,ad9f96b1-d978-42d3-843e-247140130fab,ad9f96b1-d978-42d3-843e-247140130fab,web,1.08,229.98,33.52,196.46,48.67,52.2,PROMO32,expired
2024-07-29,1b1a7a3f-4de0-409d-a15e-1e6ac9db5283,Leeds,GB,ec06cd47-6cda-497f-ab58-6bbaaca41615,ec06cd47-6cda-497f-ab58-6bbaaca41615,web,1.27,65.67,0.0,65.67,15.38,11.84,,redeemed
2024-07-30,64261a01-c218-4e8e-967e-e822b1b5a04b,Manchester,GB,d670f040-f758-4570-b639-c244bc4ce082,d670f040-f758-4570-b639-c244bc4ce082,app,1.27,102.88,0.0,102.88,33.55,21.27,,redeemed
2024-08-01,50ed3660-b7a6-4520-b9cf-b91a78024873,Phoenix,US,4ecc4b09-7ca8-43bc-9a7f-1c4f43530161,4ecc4b09-7ca8-43bc-9a7f-1c4f43530161,web,1.0,128.84,49.91,78.93,27.38,14.37,PROMO62,redeemed
2024-08-01,94a40740-7630-4a1c-a7d1-2895b2646b46,Naples,IT,37c2ba3a-e838-4c0d-b600-7e7efd2ce7a8,37c2ba3a-e838-4c0d-b600-7e7efd2ce7a8,app,1.08,174.33,0.0,174.33,47.24,44.48,,unredeemed
2024-08-03,79893be2-dd11-4f75-b68c-26c6a0ef4639,Houston,US,ac3bdfbb-40c4-44a9-a065-9ba43a845623,ac3bdfbb-40c4-44a9-a065-9ba43a845623,touch,1.0,148.73,0.0,148.73,46.35,30.74,,redeemed
2024-08-06,cf2c317d-681a-49dd-8d97-75f0c66c3e18,Paris,FR,c1990786-506e-4834-af21-3e43246c571f,c1990786-506e-4834-af21-3e43246c571f,web,1.08,189.51,0.0,189.51,54.08,54.21,,expired
2024-08-08,b9c56062-9747-4212-8d3a-5b7a1f404dd1,Chicago,US,ae73a586-9723-4a15-899f-c77f96489d91,ae73a586-9723-4a15-899f-c77f96489d91,app,1.0,220.09,52.98,167.11,50.73,33.06,PROMO86,redeemed
2024-08-09,83353ff8-d12e-43b3-bf2b-59539f13b713,Manchester,GB,50652754-2b6a-4f29-bdba-9a97f3374dd0,50652754-2b6a-4f29-bdba-9a97f3374dd0,web,1.27,124.12,0.0,124.12,30.72,30.97,,expired
2024-08-09,436ce166-b309-4c6b-8b0c-198c3cf060fb,New York,US,29e65e2e-3ef5-4ff3-bcbf-a82e44a0949c,29e65e2e-3ef5-4ff3-bcbf-a82e44a0949c,app,1.0,256.8,0.0,256.8,71.09,61.36,,redeemed
2024-08-10,ff97e7ad-85bd-40fc-a374-daf3e385c858,Houston,US,bdadc57a-fbd0-4da4-bca3-498f14012bc3,bdadc57a-fbd0-4da4-bca3-498f14012bc3,app,1.0,170.79,0.0,170.79,49.3,44.23,,redeemed
2024-08-11,4ff51227-2423-4f1a-bc2d-f83aa983ac21,Los Angeles,US,ba7cd534-5e55-40ee-bafb-ec175d2f5544,ba7cd534-5e55-40ee-bafb-ec175d2f5544,app,1.0,121.72,47.61,-74.11,-21.55,-17.79,PROMO75,refunded
2024-08-11,f087b159-1237-4ca4-990e-76dd275be9bc,Houston,US,d028cee5-8298-4312-91ea-fd91f581eea7,09495215-e480-4e53-88d4-a1035cc9d604,touch,1.0,60.99,0.0,60.99,21.45,13.97,,unredeemed
2024-08-14,ff97e7ad-85bd-40fc-a374-daf3e385c858,Houston,US,46f3d19e-9354-44c5-a6f8-44a611a350c9,bb453aad-1f16-4f61-929d-4e6c571425b2,app,1.0,142.65,0.0,142.65,55.03,33.62,,redeemed
2024-08-14,87370f96-428d-4211-b113-ba2bd95cba04,Naples,IT,71b6ca06-a410-450b-83ea-f6d7d7c222c3,71b6ca06-a410-450b-83ea-f6d7d7c222c3,app,1.08,231.21,0.0,231.21,84.34,62.0,,redeemed
2024-08-15,9706b051-2ed9-4e73-b830-90b40c5607ee,Madrid,ES,35a1450b-e084-4712-babd-f419b214aaeb,35a1450b-e084-4712-babd-f419b214aaeb,web,1.08,71.37,0.0,71.37,28.77,22.77,,redeemed
2024-08-16,ed5313b2-e688-4cc4-a85f-4905a4a02487,Manchester,GB,3657a8ec-165d-41ba-abf0-0124286cea24,3657a8ec-165d-41ba-abf0-0124286cea24,app,1.27,183.45,0.0,183.45,51.94,40.28,,redeemed
2024-08-18,e7c0a699-0155-41c7-866e-a93dbfbbf0c7,Berlin,DE,b0754c4e-0c8d-47dc-bb25-aa8f22c4c063,b0754c4e-0c8d-47dc-bb25-aa8f22c4c063,app,1.08,91.99,0.0,91.99,25.23,26.84,,redeemed
2024-08-18,cb4edcce-005d-4c4a-84a3-396d2b147bab,New York,US,6fc08815-3485-4a9e-8e06-8c14c92f4721,6fc08815-3485-4a9e-8e06-8c14c92f4721,app,1.0,112.69,0.0,112.69,40.05,21.34,,redeemed
2024-08-20,4db308a5-f7ea-4928-9d62-8b929e41ce39,Phoenix,US,7ef98453-eaa5-48b6-bf87-34a5d803a2f5,7ef98453-eaa5-48b6-bf87-34a5d803a2f5,app,1.0,29.78,0.0,29.78,6.16,7.06,,redeemed
2024-08-21,fffcd159-1353-4419-b83b-80541f9f39e1,Birmingham,GB,60fd3c9a-3259-42b9-8af2-600d98d445fc,60fd3c9a-3259-42b9-8af2-600d98d445fc,app,1.27,272.06,0.0,272.06,77.5,55.11,,redeemed
2024-08-23,c12bf9d6-199b-4d29-a6a1-ecafe5771fa7,Hamburg,DE,1209573b-da98-4c30-8e68-e357e1afa85b,1209573b-da98-4c30-8e68-e357e1afa85b,web,1.08,108.95,0.0,108.95,32.58,28.52,,unredeemed
2024-08-24,07b4a169-61e7-4cb9-86d2-f95141e11140,Madrid,ES,3507e3a3-59ca-49ac-9e47-b15f85ee5b39,3507e3a3-59ca-49ac-9e47-b15f85ee5b39,web,1.08,18.23,4.87,13.36,4.51,3.01,PROMO99,redeemed
2024-08-27,e7c0a699-0155-41c7-866e-a93dbfbbf0c7,Berlin,DE,ec8c79c9-8821-4bb5-a676-4ca36343f23a,6b45a1f9-a8e7-4db1-98e2-ec37dd05edd9,app,1.08,118.68,36.26,82.42,19.05,20.4,PROMO48,redeemed
2024-08-27,e648cba3-21dd-494b-a513-7731e1df21b3,Paris,FR,64daffc6-54ab-4545-93fe-838632844fda,54e33231-20b7-4a8f-9069-93f81e7d5387,app,1.08,252.64,28.6,224.04,64.42,45.01,PROMO10,redeemed
2024-08-29,25254b00-4181-4d8a-8964-65d35130e9ac,Hamburg,DE,bce941a2-6c4e-4d77-890a-a9997111e3ad,613f07d4-cee0-445f-ac5f-feeb46b534f8,web,1.08,272.19,34.29,237.9,63.27,61.62,PROMO27,unredeemed
2024-08-29,03ed8231-dc91-4b62-af1b-47fd5ef1083e,Chicago,US,3a0114a8-998f-466c-b7f6-a9a34eee98e9,04eadf7f-9c8b-477f-bbe2-5d133360e02f,web,1.0,81.3,0.0,81.3,27.98,21.19,,unredeemed
2024-08-30,167aa0ec-cc51-4475-bcc8-0eba4f90ef52,Rome,IT,a41ae8e5-816e-48ce-8e0f-559113a830f6,a41ae8e5-816e-48ce-8e0f-559113a830f6,app,1.08,46.29,0.0,46.29,17.87,10.55,,expired
2024-08-31,0f5e0152-0703-44ca-be54-ab52ec0144ef,Leeds,GB,16ad7517-48c4-455c-be75-eb373bdc6a58,16ad7517-48c4-455c-be75-eb373bdc6a58,web,1.27,119.44,0.0,119.44,40.46,33.04,,redeemed
2024-08-31,928a252a-a86f-4f2b-a905-f9972d648f59,Naples,IT,805a52bf-d317-4ab0-83ad-c04379e26902,4ee1ccb3-9464-494e-8e4d-9236c8e56c3e,app,1.08,35.14,0.0,35.14,10.55,9.62,,redeemed
2024-09-01,6f89b3bb-9633-4954-b0ae-ef64267ad2ed,Phoenix,US,b6e3f63f-0e4b-4a09-af75-e830160cf8c8,b6e3f63f-0e4b-4a09-af75-e830160cf8c8,web,1.0,91.27,0.0,91.27,30.42,26.54,,unredeemed
2024-09-02,c4e2395e-8560-4f7b-b99b-905b59500923,Houston,US,215995f8-b192-4879-9002-ea7aca074226,450a6f0b-b950-4c2d-b0fe-261f51c5739e,web,1.0,161.69,0.0,161.69,41.63,34.22,,redeemed
2024-09-02,11f087f9-5d69-40a4-a4e4-caf91b87911b,Milan,IT,1c137ec7-1d4d-45fe-b96a-b934da06b739,1c137ec7-1d4d-45fe-b96a-b934da06b739,web,1.08,42.05,6.98,35.07,7.65,7.29,PROMO94,redeemed
2024-09-03,bbb0f6f1-ae0e-49f6-b2d4-73a530b0bf7e,Milan,IT,6c07e763-6c9a-4434-a450-5cd880394dbc,31482286-5199-4d6e-b279-9860a4ed4fc4,web,1.08,265.56,0.0,265.56,74.27,43.82,,redeemed
2024-09-08,cc3dd407-e8b3-46d9-a360-910dba152dd9,Wroclaw,PL,5d52131b-600f-404a-81ac-c697d38a18d8,5d52131b-600f-404a-81ac-c697d38a18d8,web,0.25,127.16,41.45,85.71,22.43,25.96,PROMO79,redeemed
2024-09-11,1851f014-fb8f-44e0-8d4d-0cc363edbeab,Barcelona,ES,7a1ec260-ce6c-4162-8956-0af4d28f259b,90bac0ad-bb6f-4929-a210-ad91ef4439bc,web,1.08,186.39,0.0,186.39,60.08,55.5,,redeemed
2024-09-13,26661eb5-977d-4f44-9af2-abc2f7da5e13,Wroclaw,PL,d8309d3b-821f-4877-88ac-0e7cff66d91d,9e0f8199-5f5a-4a2a-b9ae-67ecb1b0a023,app,0.25,51.27,0.0,51.27,12.41,8.24,,redeemed
2024-09-14,cf2c317d-681a-49dd-8d97-75f0c66c3e18,Paris,FR,eb82ff5b-bc1a-4fc1-a408-810869881b2c,eb82ff5b-bc1a-4fc1-a408-810869881b2c,web,1.08,68.02,20.79,-47.23,-16.68,-15.35,PROMO97,refunded
2024-09-16,1f9901c4-42ee-4abb-b82a-aff043cd6a79,Manchester,GB,3cc9168f-2c7a-4b17-a071-5daaa7d0a14b,3cc9168f-2c7a-4b17-a071-5daaa7d0a14b,app,1.27,190.37,24.61,165.76,56.52,33.34,PROMO82,unredeemed
2024-09-21,4ff51227-2423-4f1a-bc2d-f83aa983ac21,Los Angeles,US,43a816b8-4530-4150-b350-ae8b89e95229,5b460a11-d3ef-40a1-962c-74c73894282c,app,1.0,139.46,0.0,139.46,47.95,43.15,,redeemed
2024-09-21,2fe6c97c-6001-49b1-9247-354cad0e340e,Rome,IT,e6c23f7f-e1e8-434d-8679-1c1b40d26825,1ad8540a-3031-42d4-bdfe-e3161626df77,app,1.08,84.41,0.0,84.41,32.04,24.7,,redeemed
2024-09-21,a1defa36-928d-4e05-9e7d-695914fcf25b,Krakow,PL,28cfcd82-15cc-47ed-9df9-e6c775835272,28cfcd82-15cc-47ed-9df9-e6c775835272,web,0.25,108.34,0.0,108.34,26.45,20.1,,unredeemed
2024-09-23,b63729c3-2783-4eb7-9af0-6e92662b5fbf,Naples,IT,5862ec40-4e31-4c9e-8546-5c63c8e85b10,5862ec40-4e31-4c9e-8546-5c63c8e85b10,web,1.08,249.53,0.0,249.53,83.22,76.16,,redeemed
2024-09-26,1f9901c4-42ee-4abb-b82a-aff043cd6a79,Manchester,GB,752a656b-c99d-4a7d-aff2-127a8bbe0413,752a656b-c99d-4a7d-aff2-127a8bbe0413,app,1.27,136.05,37.95,98.1,35.98,20.66,PROMO61,unredeemed
2024-09-26,71c9ecf4-5e9f-4617-b0bd-f27e5a5e8ba8,NEW YORK,US,c798cff4-cd0e-4a3d-8a53-94074cc7f632,c798cff4-cd0e-4a3d-8a53-94074cc7f632,web,1.0,259.42,0.0,259.42,84.42,57.98,,expired
2024-09-28,f3783425-27f4-48f1-b4f5-c88fe2057b1c,London,GB,f96787ae-fbf3-4949-8899-6338bf32c66b,f96787ae-fbf3-4949-8899-6338bf32c66b,web,1.27,88.76,16.88,71.88,20.84,16.38,PROMO63,unredeemed
2024-09-28,1a53bc39-4246-4783-823d-0505d44d1b9a,Lyon,FR,1b04b869-9d7a-4fda-84aa-9665f545b14a,1b04b869-9d7a-4fda-84aa-9665f545b14a,touch,1.08,15.36,2.16,13.2,3.22,2.4,PROMO34,expired
2024-09-30,d1c42e41-4e53-4261-ad38-5a36de71cacc,Hamburg,DE,c86cd85b-9a33-49c2-a5bf-b6a855919de9,c86cd85b-9a33-49c2-a5bf-b6a855919de9,web,1.08,235.06,0.0,235.06,84.77,60.04,,redeemed
2024-10-01,0ad0df8a-e2f2-4ca4-b211-5dc4c7b24fd8,Madrid,ES,0db58f47-7821-4aab-9347-fbd86f4e7c74,0db58f47-7821-4aab-9347-fbd86f4e7c74,app,1.08,184.62,0.0,184.62,58.01,31.69,,redeemed
2024-10-02,904d7f85-0a50-4903-b561-328c081e431f,Los Angeles,US,4e0b80b4-2d67-4ed8-9757-601b7ff698b0,4e0b80b4-2d67-4ed8-9757-601b7ff698b0,web,1.0,255.31,32.26,223.05,65.84,41.21,PROMO28,redeemed
2024-10-03,b91a5a99-3fe9-45e4-98a7-e379f61d7a67,Leeds,GB,fb78a900-2041-4813-aabe-8a202f897583,fb78a900-2041-4813-aabe-8a202f897583,web,1.27,163.32,0.0,163.32,46.01,48.39,,redeemed
2024-10-03,5f4ecf4a-990f-4515-ba4d-8fcbef0e6721,Rome,IT,9b7e7131-dcb7-4257-8d0b-e6618f9b48bb,9b7e7131-dcb7-4257-8d0b-e6618f9b48bb,web,1.08,145.15,49.57,-95.58,-21.64,-21.69,PROMO21,refunded
2024-10-07,11f087f9-5d69-40a4-a4e4-caf91b87911b,Milan,IT,fe02620a-96a4-41be-be89-d36afb8c4c54,fe02620a-96a4-41be-be89-d36afb8c4c54,web,1.08,81.51,0.0,81.51,23.08,15.45,,unredeemed
2024-10-07,dbf6a500-8db6-4bf7-bb83-2c9bc0d60d47,Chicago,US,9448f22c-e4cf-4a1d-9b0b-858d39fe6457,9448f22c-e4cf-4a1d-9b0b-858d39fe6457,web,1.0,45.62,0.0,45.62,16.99,12.98,,redeemed
2024-10-10,4be50a8f-efb2-40b0-be85-b1d1af7fbd0d,Phoenix,US,b72dcf4e-50e9-4b79-a74f-ff1ed17404bf,04cfdbab-627b-4b9d-b765-0ed9b1a8513f,app,1.0,49.03,0.0,49.03,17.08,9.34,,redeemed
2024-10-13,5d92ba06-1685-41d0-99f2-251f7a6a2823,Marseille,FR,7736b114-1ef7-4ccc-a8d7-9e324b280ebc,3454e601-1de6-4fdb-ae86-8762bc072893,app,1.08,11.81,0.0,11.81,3.46,2.55,,redeemed
2024-10-13,1a53bc39-4246-4783-823d-0505d44d1b9a,Lyon,FR,3f7ba3f6-ccb7-4e38-8984-4b8815ccbba8,3f7ba3f6-ccb7-4e38-8984-4b8815ccbba8,touch,1.08,42.42,16.65,25.77,7.88,6.65,PROMO88,redeemed
2024-10-16,9bdff61c-76c9-48cd-9668-e77bf85ffd29,Leeds,GB,f905cf26-8271-4870-a258-1fa18f193298,f905cf26-8271-4870-a258-1fa18f193298,app,1.27,138.07,0.0,138.07,49.15,34.64,,redeemed
2024-10-17,aa81f0e5-484e-4ee7-b637-f1dde7ff22c0,Birmingham,GB,dd3423a6-6762-441c-8173-048eab9c3bf3,dd3423a6-6762-441c-8173-048eab9c3bf3,web,1.27,216.29,0.0,216.29,64.3,43.63,,expired
2024-10-19,50865f0b-57cf-4cf8-be9a-a47f402bc46f,Frankfurt,DE,b10051bc-fdd8-4743-bfb4-7a47a025e310,b10051bc-fdd8-4743-bfb4-7a47a025e310,web,1.08,149.98,33.63,116.35,33.91,28.16,PROMO56,expired
2024-10-19,fcbcae59-689c-48bc-8fb2-a1d7a7b69db3,Barcelona,ES,3b455a6d-7e47-49d4-8514-d7bb5f458c0d,3b455a6d-7e47-49d4-8514-d7bb5f458c0d,web,1.08,220.82,0.0,220.82,61.82,49.53,,redeemed
2024-10-20,b3ff602d-a1cd-4d72-8b75-a6c0646b35d5,Rome,IT,65dc7e7d-3bf0-42db-af29-1b8c28d420f8,65dc7e7d-3bf0-42db-af29-1b8c28d420f8,app,1.08,169.12,62.77,-106.35,-32.46,-27.33,PROMO37,refunded
2024-10-20,50865f0b-57cf-4cf8-be9a-a47f402bc46f,Frankfurt,DE,9ef6ff3a-dfa5-4c98-b72e-25b46bd49853,9ef6ff3a-dfa5-4c98-b72e-25b46bd49853,web,1.08,96.78,0.0,96.78,36.84,27.82,,expired
2024-10-20,cf2c317d-681a-49dd-8d97-75f0c66c3e18,Paris,FR,e307f4f9-6923-4d10-a5d1-1c869fc2039b,e307f4f9-6923-4d10-a5d1-1c869fc2039b,web,1.08,28.87,0.0,28.87,8.26,8.43,,redeemed
2024-10-22,369e8091-c895-4c16-9c26-f6ca76906dbc,Birmingham,GB,0a4521a1-accf-4ce6-ba42-a7d8b8cc9f56,0a4521a1-accf-4ce6-ba42-a7d8b8cc9f56,web,1.27,224.2,0.0,224.2,56.06,40.26,,expired
2024-10-23,332cd717-b9b7-491e-90ba-8f49b6b06c44,Barcelona,ES,4d011fca-2315-45db-976c-75ffbf013203,fba9f84a-2d38-4d07-9209-082a081edb3c,web,1.08,79.41,0.0,79.41,20.96,18.73,,redeemed
2024-10-27,ed5313b2-e688-4cc4-a85f-4905a4a02487,Manchester,GB,74242c48-86bf-464f-8bb7-4fa63216c1e4,74242c48-86bf-464f-8bb7-4fa63216c1e4,web,1.27,180.59,0.0,180.59,57.06,42.99,,redeemed
2024-10-30,e9adc87b-7805-4041-8e4c-c380fd5851e0,London,GB,5281916f-2082-4cb2-9bda-5cffc7171e4a,14cea75e-5e94-4920-8e4c-e28ef4cd6d6e,web,1.27,61.14,0.0,61.14,16.27,14.79,,redeemed
2024-10-31,75613d65-42cc-4a71-9209-4c80041599fe,Marseille,FR,ae43b6a1-784a-437f-8190-1f88a035789b,f68b4e8e-cca3-440b-9806-30661acf8ad7,web,1.08,162.1,0.0,162.1,46.62,28.64,,unredeemed
2024-11-01,c04af2d4-2965-45cf-b2c5-d1f6cd98c2c1,Manchester,GB,25699b90-dede-41f9-84ed-4ed655a7d2a1,a4b4db5b-752e-4c4e-9944-448c0de75688,web,1.27,80.25,0.0,80.25,27.19,22.81,,redeemed
2024-11-04,96f0cc5e-c6ba-4bd4-981e-3fcd4ee63387,Paris,FR,47706b70-37ae-4f7b-b34a-7f04bc07b893,f8d33cd7-e2f0-4f36-9b1c-6a9b841b24e0,web,1.08,185.25,0.0,185.25,53.7,30.54,,unredeemed
2024-11-05,6488ea50-5ff5-44be-86ec-8358ac4902c6,Rome,IT,9c60c7eb-d0c3-47f7-a533-9f1ea0f9233f,9c60c7eb-d0c3-47f7-a533-9f1ea0f9233f,app,1.08,29.33,0.0,29.33,6.87,6.34,,redeemed
2024-11-06,2eeb0b48-d72b-4a85-97a2-5f07b813f78d,Lyon,FR,06d0b79f-8ced-4e61-b790-0a3eeb78c2ae,06d0b79f-8ced-4e61-b790-0a3eeb78c2ae,web,1.08,59.9,12.92,46.98,17.26,10.5,PROMO87,unredeemed
2024-11-06,f2d30979-7e49-4ac1-a83d-8b99184cdc9e,Berlin,DE,1535b548-8210-4d62-985b-c472dad7c48c,1535b548-8210-4d62-985b-c472dad7c48c,web,1.08,89.28,0.0,89.28,32.54,17.61,,redeemed
2024-11-07,f087b159-1237-4ca4-990e-76dd275be9bc,Houston,US,7bbae70b-68a9-4d36-a057-5e5d2e741130,7bbae70b-68a9-4d36-a057-5e5d2e741130,touch,1.0,126.64,23.75,-102.89,-34.34,-22.03,PROMO49,refunded
2024-11-07,a4ac1244-8cae-4f87-a76f-a4a26e373683,Warsaw,PL,2ec29624-f799-4c0a-afc3-b59a1a33fa41,2ec29624-f799-4c0a-afc3-b59a1a33fa41,app,0.25,43.08,16.39,-26.69,-8.57,-5.28,PROMO50,refunded
2024-11-08,4f575983-f9f3-4489-b47c-25f61e526323,Berlin,DE,47a32ee2-6af8-4d79-b16e-deb74ef841eb,47a32ee2-6af8-4d79-b16e-deb74ef841eb,web,1.08,49.34,0.0,49.34,17.09,11.05,,redeemed
2024-11-09,ad0f084b-0053-4b8d-a352-96a11da0d54b,Lyon,FR,696fce21-1197-481c-a8cd-00bf48319e6e,dc34d8ba-9646-420d-9a40-fce5d5992299,web,1.08,148.39,0.0,148.39,49.51,34.1,,unredeemed
2024-11-09,7cc09ec4-d19a-4ede-8771-6807bf3a53bd,Birmingham,GB,86e06cfc-7b5f-4b87-922c-1a3b71f52a43,86e06cfc-7b5f-4b87-922c-1a3b71f52a43,app,1.27,114.04,0.0,114.04,46.29,36.68,,redeemed
2024-11-10,bbb0f6f1-ae0e-49f6-b2d4-73a530b0bf7e,Milan,IT,edbdaef0-b634-418f-ac74-f8fd33a0a894,edbdaef0-b634-418f-ac74-f8fd33a0a894,web,1.08,104.99,0.0,104.99,31.8,24.09,,expired
2024-11-11,a9f4c119-98b2-4994-89a5-d8223705499a,Paris,FR,f7961a27-e6bf-4e67-92e4-fc8eaa207e93,f7961a27-e6bf-4e67-92e4-fc8eaa207e93,app,1.08,96.79,0.0,96.79,24.69,22.11,,redeemed
2024-11-11,858c41d6-98d6-456e-806d-b659fddf8e20,Marseille,FR,a6434bb3-6529-4bc2-a1d4-b69f7289000b,421f8128-e2c7-42f4-94c8-8ce5a555b5a2,web,1.08,219.87,72.19,147.68,44.81,30.15,PROMO31,redeemed
2024-11-11,e4beeb59-be5f-46e2-81bc-273e8c779f16,Madrid,ES,134411a6-020f-4c3d-85cb-a6eb53e2042e,d30c5760-4482-4714-83dd-70776839811b,app,1.08,164.13,0.0,164.13,45.03,47.68,,redeemed
2024-11-12,92850562-9802-4ccb-acfc-f7d169d6711c,Chicago,US,7ad51f8d-e012-428a-804d-4a4b98774c19,b07ad79c-0549-4b3f-a757-4f35d3f0943d,app,1.0,169.56,27.93,-141.63,-37.1,-39.39,PROMO53,refunded
2024-11-15,6f89b3bb-9633-4954-b0ae-ef64267ad2ed,Phoenix,US,495f4111-5b85-4129-9085-abcec0f622da,77498513-a270-4ca1-b97f-069a187228ae,web,1.0,136.13,0.0,136.13,41.27,23.05,,unredeemed
2024-11-16,25254b00-4181-4d8a-8964-65d35130e9ac,Hamburg,DE,995f207e-0ab8-4f09-8a07-b2d7fe741adf,995f207e-0ab8-4f09-8a07-b2d7fe741adf,web,1.08,22.13,0.0,22.13,8.32,7.17,,unredeemed
2024-11-16,bbb0f6f1-ae0e-49f6-b2d4-73a530b0bf7e,Milan,IT,c768a1b3-7b21-47bb-8477-6e35242cef64,a118c983-a3ac-402c-b3ab-28bb777170b8,web,1.08,33.15,0.0,33.15,9.9,9.68,,unredeemed
2024-11-16,450fa25a-cfb8-420e-91b1-97ee3faedad3,Madrid,ES,34ff9f61-26a3-4b04-b4e9-91367ea6d6fb,fc237b65-cf36-494a-8541-ed00192cb732,web,1.08,20.83,0.0,20.83,5.31,4.7,,unredeemed
2024-11-18,79893be2-dd11-4f75-b68c-26c6a0ef4639,Houston,US,232a4131-233d-4e6b-8d44-e011a13c30cc,232a4131-233d-4e6b-8d44-e011a13c30cc,touch,1.0,135.53,0.0,-135.53,-52.62,-31.15,,refunded
2024-11-19,ed5313b2-e688-4cc4-a85f-4905a4a02487,Manchester,GB,92289787-b157-4872-8ebf-ebd5a0c73340,92289787-b157-4872-8ebf-ebd5a0c73340,app,1.27,25.65,5.33,20.32,7.3,4.99,PROMO32,redeemed
2024-11-21,c0d00cb0-0645-48fe-8d59-843d1184d7bc,Valencia,ES,3cf0f79a-ac72-4060-8120-85c7acdc3781,3cf0f79a-ac72-4060-8120-85c7acdc3781,app,1.08,154.49,24.99,129.5,33.07,34.88,PROMO19,expired
2024-11-22,b8e652f5-4586-4d10-8900-83e705f3ee89,Manchester,GB,dac9b486-e20f-4f55-8863-6fece6e029ba,dac9b486-e20f-4f55-8863-6fece6e029ba,web,1.27,143.36,0.0,143.36,41.15,34.63,,redeemed
2024-11-22,398d9211-8c62-4f1e-a85b-977b4497adf0,Los Angeles,US,18fe814f-26fc-4f4d-b73b-459ea9a25e02,18fe814f-26fc-4f4d-b73b-459ea9a25e02,app,1.0,185.07,36.64,-148.43,-57.45,-41.88,PROMO84,refunded
2024-11-23,4eb94b00-6131-4fdc-8ec9-2eaab29f2310,London,GB,f9f54964-b405-4f2d-a1f9-0fbf73a154ab,f9f54964-b405-4f2d-a1f9-0fbf73a154ab,web,1.27,18.01,4.92,-13.09,-4.84,-2.78,PROMO34,refunded
2024-11-24,2fe6c97c-6001-49b1-9247-354cad0e340e,Rome,IT,d22d202c-cd7c-4b9b-8802-8b57b5fa2de6,0d5d24f5-f891-4143-9d58-a7625eb1d15a,app,1.08,62.56,17.17,-45.39,-15.9,-11.79,PROMO13,refunded
2024-11-25,2fc917f4-a9a1-4ce3-8926-ddf03c12b3c4,Phoenix,US,33a48a7d-75a3-4c11-9945-8a6ec6f412bd,33a48a7d-75a3-4c11-9945-8a6ec6f412bd,web,1.0,208.34,31.75,176.59,55.07,43.08,PROMO62,redeemed
2024-11-26,eb314b59-f34b-4713-813c-992f36b28fe1,Houston,US,98d61c10-1f18-47f7-bf9a-fa95e8d8a203,43929c56-6a6b-46f0-b18c-cb6605103a15,web,1.0,202.64,0.0,202.64,56.97,31.34,,unredeemed
2024-11-27,6488ea50-5ff5-44be-86ec-8358ac4902c6,Rome,IT,a25562cd-e789-4bb8-8c0d-b136268d70a1,8dd80e2d-37d6-4e7a-9b9f-08e164e7c092,app,1.08,225.48,73.86,151.62,39.11,25.88,PROMO12,unredeemed
2024-11-27,75bc10c1-64dd-48e2-928f-c1241ccadb94,Naples,IT,a4b243dd-abb0-4b44-930f-9c64b7de96f7,a4b243dd-abb0-4b44-930f-9c64b7de96f7,web,1.08,255.49,68.7,186.79,54.94,30.94,PROMO35,unredeemed
2024-11-30,9cb0fdf6-2ee7-4725-982c-032fc031fbcf,Valencia,ES,1443feff-73fb-4fe8-98a3-a09991db590f,1443feff-73fb-4fe8-98a3-a09991db590f,touch,1.08,265.47,0.0,265.47,62.01,61.64,,redeemed
2024-12-01,75bc10c1-64dd-48e2-928f-c1241ccadb94,Naples,IT,96bcb9c5-2e6a-4c07-b2a9-901a627325c1,96bcb9c5-2e6a-4c07-b2a9-901a627325c1,web,1.08,233.27,59.24,174.03,49.14,39.88,PROMO57,redeemed
2024-12-02,2bae452c-69a1-4242-9379-ca0d084f3e95,Phoenix,US,130a40d9-3c6e-4306-a9b1-da6beed7aefe,130a40d9-3c6e-4306-a9b1-da6beed7aefe,web,1.0,198.65,52.44,146.21,34.79,33.67,PROMO59,redeemed
2024-12-04,d563d0c1-9497-483e-89aa-af96c4267147,Munich,DE,dc226bdc-9ad2-47e0-8caf-1e0d97a52c1b,dc226bdc-9ad2-47e0-8caf-1e0d97a52c1b,web,1.08,95.49,0.0,95.49,23.66,22.51,,redeemed
2024-12-09,5f319ec2-47de-4ec4-bbb6-57af25533791,Houston,US,b3140130-ee61-4721-9114-3cf76427c162,3807d427-359e-4b67-9cc9-91f1a0328218,web,1.0,69.37,0.0,69.37,17.79,15.32,,redeemed
2024-12-09,3ee70e52-45ce-41ca-9671-bc63ad3b0529,Lyon,FR,8f0d37d8-055a-405a-9e6d-b4836e2e29a5,8f0d37d8-055a-405a-9e6d-b4836e2e29a5,web,1.08,181.14,26.41,154.73,36.48,25.98,PROMO17,redeemed
2024-12-10,c4834b09-647d-441b-93fe-c4247f8232d1,Madrid,ES,f6b9ce21-7c18-4bbe-b0b0-d98f682ad3a6,c0b6774f-dbbf-43b1-acdc-8c27274a269a,app,1.08,211.72,0.0,211.72,56.07,44.28,,redeemed
2024-12-11,77f13257-90ad-4a0e-920f-839b2fe63ede,Madrid,ES,ff9b073f-70f5-478a-bc59-731650a171ef,ff9b073f-70f5-478a-bc59-731650a171ef,app,1.08,60.01,0.0,60.01,17.99,17.67,,redeemed
2024-12-13,4f575983-f9f3-4489-b47c-25f61e526323,Berlin,DE,76b8aad5-3ef7-4d7c-8632-9e434149586a,76b8aad5-3ef7-4d7c-8632-9e434149586a,app,1.08,218.39,0.0,218.39,70.46,44.84,,redeemed
2024-12-14,ceb935cf-5d6a-4dce-be54-429b957bc75f,Birmingham,GB,3cc38d21-2b7d-498d-a36f-9a5b05ef2cd9,3cc38d21-2b7d-498d-a36f-9a5b05ef2cd9,web,1.27,85.11,0.0,85.11,23.61,17.99,,unredeemed
2024-12-15,11f087f9-5d69-40a4-a4e4-caf91b87911b,Milan,IT,27a64c33-2545-4396-b7b2-6f1d033e090f,27a64c33-2545-4396-b7b2-6f1d033e090f,web,1.08,53.58,0.0,53.58,13.39,12.13,,unredeemed
2024-12-15,2eeb0b48-d72b-4a85-97a2-5f07b813f78d,Lyon,FR,4b8099bb-e574-4d2a-9c96-668a2557e5ce,adffa0ff-2ef9-4be5-8303-f68df62fd209,web,1.08,118.68,28.32,90.36,30.24,28.62,PROMO29,redeemed
2024-12-15,83353ff8-d12e-43b3-bf2b-59539f13b713,Manchester,GB,f437eb38-067a-4fdb-b3bb-f7bbcac7d9c7,f437eb38-067a-4fdb-b3bb-f7bbcac7d9c7,web,1.27,191.69,37.7,153.99,35.51,34.45,PROMO44,unredeemed
2024-12-16,92135ffb-46de-496d-8622-26e8639facc9,Houston,US,fdb6ab84-68e1-40d4-aecc-085b2c0d2ee7,902c86a2-f509-4486-861a-cd1e45dcbe00,web,1.0,250.87,85.69,165.18,39.65,38.43,PROMO56,unredeemed
2024-12-17,9706b051-2ed9-4e73-b830-90b40c5607ee,Madrid,ES,6ff5a564-c7a3-4526-9819-7582ff755ddd,6ff5a564-c7a3-4526-9819-7582ff755ddd,web,1.08,38.45,0.0,38.45,14.68,10.13,,redeemed
2024-12-18,fee0bb48-7467-4571-bc4e-921b61a8864c,Milan,IT,4ce83f22-8731-4378-830c-eddf0e203f96,4ce83f22-8731-4378-830c-eddf0e203f96,touch,1.08,158.76,0.0,158.76,55.63,46.12,,redeemed
2024-12-18,120181ee-dfcb-41b9-a746-7a5ab4f0b135,Munich,,6602f457-1f5e-4851-8f58-5690e39315a6,bd732c39-6f87-4fbb-97d5-218effd0053d,web,1.08,184.8,0.0,184.8,54.15,37.36,,redeemed
2024-12-21,63101b95-7540-475b-a76d-d62536419e31,Chicago,US,1b940d99-7ae5-49ff-b3b0-08b3ccca2aca,1b940d99-7ae5-49ff-b3b0-08b3ccca2aca,app,1.0,218.99,0.0,218.99,66.62,38.14,,redeemed
2024-12-23,436ce166-b309-4c6b-8b0c-198c3cf060fb,New York,US,caf99d3d-c835-4448-90a3-8a705067a1fa,caf99d3d-c835-4448-90a3-8a705067a1fa,app,1.0,221.46,0.0,221.46,55.46,55.79,,unredeemed
2024-12-24,365f0436-8f7f-4629-906a-9552a4dcdb93,Paris,FR,168f97d5-0e7d-49a5-86a7-3170841aa453,168f97d5-0e7d-49a5-86a7-3170841aa453,web,1.08,211.14,0.0,211.14,74.29,49.53,,redeemed
2024-12-24,f087b159-1237-4ca4-990e-76dd275be9bc,Houston,US,a5567071-b42c-4720-a428-62d7525e298e,a5567071-b42c-4720-a428-62d7525e298e,touch,1.0,153.35,0.0,153.35,60.89,32.15,,redeemed
2024-12-24,7775151d-6a12-4646-8ca1-fe02f8a628b7,Naples,IT,0b91c2ab-04a7-42e0-ab63-c9107e5622ec,0b91c2ab-04a7-42e0-ab63-c9107e5622ec,app,1.08,224.79,0.0,224.79,62.77,52.09,,redeemed
2024-12-24,3ee70e52-45ce-41ca-9671-bc63ad3b0529,Lyon,FR,9e25bb7b-8d31-4ab9-9b13-f183ea3d9b92,455f034c-7b70-4a16-b946-8a463f698d66,web,1.08,18.08,0.0,18.08,5.03,3.24,,redeemed
2024-12-25,3a3e15cb-d1cd-4913-b612-507504dffb06,Birmingham,GB,868ab78d-5dbd-4da1-833e-33ea074980bd,868ab78d-5dbd-4da1-833e-33ea074980bd,web,1.27,189.06,55.32,133.74,38.71,36.62,PROMO70,unredeemed
2024-12-26,f6b37fb9-9899-41fa-a462-3312e82f6202,Barcelona,ES,b196de36-92ed-48da-8260-6e54dc859b10,b196de36-92ed-48da-8260-6e54dc859b10,touch,1.08,31.98,0.0,31.98,8.9,5.79,,redeemed
2024-12-26,fc411c23-dbf8-46f9-8338-36c3bba6349b,Valencia,ES,c5bf4c32-4c68-4421-92fb-690064f5ea45,c5bf4c32-4c68-4421-92fb-690064f5ea45,app,1.08,44.38,0.0,44.38,14.96,10.82,,redeemed
2024-12-28,e7c0a699-0155-41c7-866e-a93dbfbbf0c7,BERLIN,DE,afef7e9c-e9b9-42e0-90a4-2b2dceb68042,afef7e9c-e9b9-42e0-90a4-2b2dceb68042,app,1.08,196.21,0.0,196.21,64.64,50.78,,unredeemed
2024-12-28,e648cba3-21dd-494b-a513-7731e1df21b3,Paris,FR,3ba9af23-a93e-463b-8f6b-39cc01956d9b,3ba9af23-a93e-463b-8f6b-39cc01956d9b,app,1.08,230.18,67.4,-162.78,-44.97,-37.75,PROMO87,refunded
2024-12-31,83353ff8-d12e-43b3-bf2b-59539f13b713,Manchester,GB,6ff6be66-641b-4d6a-98e1-8f7077af7363,f90d74da-19f4-4166-9687-784e9a7b1f75,web,1.27,175.5,42.8,132.7,36.11,29.21,PROMO24,redeemed
2025-01-02,f3783425-27f4-48f1-b4f5-c88fe2057b1c,London,GB,ea4aeda5-b3ae-4d1d-a9f5-621824bc4720,ea4aeda5-b3ae-4d1d-a9f5-621824bc4720,web,1.27,138.26,0.0,138.26,36.77,34.09,,unredeemed
2025-01-04,71c9ecf4-5e9f-4617-b0bd-f27e5a5e8ba8,New York,US,47fa4405-5bca-434e-9249-bb83cdf8a629,47fa4405-5bca-434e-9249-bb83cdf8a629,touch,1.0,140.11,0.0,140.11,56.01,39.36,,expired
2025-01-04,5d92ba06-1685-41d0-99f2-251f7a6a2823,Marseille,FR,936bcaf4-72cb-45c1-ab1a-49551c7cdd9f,936bcaf4-72cb-45c1-ab1a-49551c7cdd9f,app,1.08,101.14,0.0,101.14,30.17,21.94,,redeemed
2025-01-04,79893be2-dd11-4f75-b68c-26c6a0ef4639,Houston,US,5058a908-d13e-474f-bdf7-b2ea6587f368,5058a908-d13e-474f-bdf7-b2ea6587f368,web,1.0,25.51,5.22,20.29,6.9,5.88,PROMO46,expired
2025-01-05,0b586175-1bf6-41a7-9d30-6b815463b7e5,Manchester,GB,92de3d3d-2de4-4129-9fc5-023ad1c5ca39,92de3d3d-2de4-4129-9fc5-023ad1c5ca39,web,1.27,71.69,0.0,71.69,17.78,16.61,,expired
2025-01-06,07f066a9-ff30-45bc-933c-5aff455cee3d,Rome,IT,8fba5f79-9b0c-41d4-9950-9c495f13bb2a,8fba5f79-9b0c-41d4-9950-9c495f13bb2a,web,1.08,252.84,0.0,252.84,63.98,59.18,,redeemed
2025-01-06,3a3e15cb-d1cd-4913-b612-507504dffb06,Birmingham,GB,a3dbac24-657f-4e62-b34a-6d4ed0014e0c,a3dbac24-657f-4e62-b34a-6d4ed0014e0c,web,1.27,190.64,0.0,190.64,43.51,39.39,,redeemed
2025-01-10,2fc917f4-a9a1-4ce3-8926-ddf03c12b3c4,Phoenix,US,a2a014ab-de70-461f-afab-bda87f89d9b1,a2a014ab-de70-461f-afab-bda87f89d9b1,web,1.0,59.46,0.0,59.46,15.17,12.81,,redeemed
2025-01-10,c04af2d4-2965-45cf-b2c5-d1f6cd98c2c1,Manchester,GB,4ab7b950-3923-4a66-98af-d270f9cba1a5,d23f5946-2ce4-4e87-b29e-22b690b2c42f,web,1.27,94.34,0.0,94.34,22.65,15.87,,redeemed
2025-01-11,92850562-9802-4ccb-acfc-f7d169d6711c,Chicago,US,175c56bb-cd0e-4cc6-a431-ca1daeb9ece9,175c56bb-cd0e-4cc6-a431-ca1daeb9ece9,app,1.0,64.35,0.0,64.35,23.04,14.78,,unredeemed
2025-01-13,ae6d9cc4-fc7e-4d5d-a839-f0a860def61a,Manchester,GB,7026dede-92d6-4f79-a838-28edab80f0ea,8512b492-3541-485e-a451-530e969918ae,app,1.27,236.1,79.89,156.21,47.34,42.43,PROMO39,redeemed
2025-01-14,75bc10c1-64dd-48e2-928f-c1241ccadb94,Naples,IT,f8baf078-1545-4016-8b28-90eef79fa1ec,f8baf078-1545-4016-8b28-90eef79fa1ec,web,1.08,173.62,29.99,143.63,49.27,27.09,PROMO96,unredeemed
2025-01-14,3ee70e52-45ce-41ca-9671-bc63ad3b0529,Lyon,FR,789b2ef6-71bd-4dd2-8278-07e298f4f44f,789b2ef6-71bd-4dd2-8278-07e298f4f44f,web,1.08,109.27,36.16,73.11,22.24,15.55,PROMO36,redeemed
2025-01-18,904d7f85-0a50-4903-b561-328c081e431f,Los Angeles,US,4864cdc6-c497-412f-9a39-3e10fa1b5f85,4864cdc6-c497-412f-9a39-3e10fa1b5f85,web,1.0,218.57,0.0,218.57,71.69,72.49,,redeemed
2025-01-18,c0d00cb0-0645-48fe-8d59-843d1184d7bc,Valencia,ES,4c9940b6-a837-422c-9a0e-a8724bc82883,4c9940b6-a837-422c-9a0e-a8724bc82883,web,1.08,203.14,79.73,123.41,39.16,39.28,PROMO16,redeemed
2025-01-19,721376b1-3b75-4d10-aca6-d7bf3b85071a,Marseille,FR,54f410db-212c-42d3-af3d-7f74b5dfe301,54f410db-212c-42d3-af3d-7f74b5dfe301,app,1.08,51.82,0.0,51.82,14.76,12.81,,redeemed
2025-01-19,f6e91c73-788d-443d-8ed7-a7c632c3a88b,Los Angeles,US,f2347d9c-2c36-42e8-a225-64d8e9b6fe52,f2347d9c-2c36-42e8-a225-64d8e9b6fe52,touch,1.0,16.23,0.0,16.23,5.73,4.15,,redeemed
2025-01-20,79893be2-dd11-4f75-b68c-26c6a0ef4639,Houston,US,ea98f7d3-e243-4b96-abe5-70a30eb8d852,ea98f7d3-e243-4b96-abe5-70a30eb8d852,touch,1.0,245.39,0.0,245.39,76.98,52.23,,unredeemed
2025-01-21,b69f0520-3fd5-4588-8eaa-384a5d2def70,Manchester,GB,cb91f90d-44c0-487c-b1ed-5bb35827d917,cb91f90d-44c0-487c-b1ed-5bb35827d917,web,1.27,153.64,0.0,153.64,46.09,42.21,,unredeemed
2025-01-22,4db308a5-f7ea-4928-9d62-8b929e41ce39,Phoenix,US,d5509d98-de83-49ed-8992-b66799b341e0,d5509d98-de83-49ed-8992-b66799b341e0,app,1.0,74.15,24.58,49.57,11.24,9.26,PROMO27,expired
2025-01-23,f3783425-27f4-48f1-b4f5-c88fe2057b1c,London,GB,1f10ed5b-6a99-42ec-a979-cb67602eb790,1f10ed5b-6a99-42ec-a979-cb67602eb790,web,1.27,230.72,0.0,230.72,70.86,66.84,,redeemed
2025-01-24,b8e652f5-4586-4d10-8900-83e705f3ee89,Manchester,GB,d0b92b7b-8e72-46f2-bbc0-375e34c06327,d0b92b7b-8e72-46f2-bbc0-375e34c06327,web,1.27,155.49,0.0,155.49,63.58,42.33,,unredeemed
2025-01-24,fee0bb48-7467-4571-bc4e-921b61a8864c,Milan,IT,868ef609-402c-4ec1-8169-570e623ce77d,868ef609-402c-4ec1-8169-570e623ce77d,touch,1.08,217.31,74.81,-142.5,-50.33,-33.12,PROMO73,refunded
2025-01-24,639a3449-cc8a-4fd6-9abf-f185c509415c,Warsaw,PL,1264fce2-c69a-4c5f-b31f-1d9e98892202,1264fce2-c69a-4c5f-b31f-1d9e98892202,web,0.25,105.21,35.67,69.54,23.39,16.71,PROMO98,expired
2025-01-26,c6c2d931-c5b7-42f7-929b-9afd17d86212,London,GB,a96d8b2a-c006-4527-9802-656a3a16dae1,59e43a84-0fe2-424e-95db-91febed5e84b,touch,1.27,20.81,0.0,20.81,6.06,4.74,,unredeemed
2025-01-26,79893be2-dd11-4f75-b68c-26c6a0ef4639,Houston,US,5aad4957-f727-441f-8e6a-4429c179984c,5aad4957-f727-441f-8e6a-4429c179984c,touch,1.0,196.69,0.0,196.69,43.93,32.04,,redeemed
2025-01-26,03ed8231-dc91-4b62-af1b-47fd5ef1083e,Chicago,US,2db10599-208b-49c7-90bb-ebb0c88edd55,2db10599-208b-49c7-90bb-ebb0c88edd55,web,1.0,240.49,0.0,240.49,77.7,69.64,,redeemed
2025-01-28,7cc09ec4-d19a-4ede-8771-6807bf3a53bd,Birmingham,GB,14e04257-7143-4ddc-992c-56ea037b28a8,14e04257-7143-4ddc-992c-56ea037b28a8,app,1.27,136.9,0.0,136.9,45.12,37.64,,redeemed
2025-01-30,e4beeb59-be5f-46e2-81bc-273e8c779f16,Madrid,ES,5a67348c-f86a-4372-9dd8-7132a415b041,5a67348c-f86a-4372-9dd8-7132a415b041,app,1.08,93.55,0.0,93.55,26.54,22.77,,redeemed
2025-01-31,9cb0fdf6-2ee7-4725-982c-032fc031fbcf,Valencia,ES,4e82c159-452d-413c-ac4b-09b3d3a4e978,4e82c159-452d-413c-ac4b-09b3d3a4e978,touch,1.08,109.18,31.84,-77.34,-25.02,-17.95,PROMO40,refunded
2025-01-31,1f9901c4-42ee-4abb-b82a-aff043cd6a79,Manchester,GB,17926b80-2f4d-4a48-8736-cc69e704a03d,17926b80-2f4d-4a48-8736-cc69e704a03d,app,1.27,107.61,18.08,-89.53,-19.93,-22.16,PROMO38,refunded
2025-01-31,b0b6bb38-c209-4bc2-9daa-c1b607349bf6,Warsaw,PL,6a48020e-7ecb-4b88-bb00-055e045c01ce,6a48020e-7ecb-4b88-bb00-055e045c01ce,touch,0.25,244.11,0.0,244.11,100.88,57.55,,expired
2025-01-31,bbb0f6f1-ae0e-49f6-b2d4-73a530b0bf7e,Milan,IT,6aa92a45-c895-4de1-a59b-5428c35fc281,6aa92a45-c895-4de1-a59b-5428c35fc281,web,1.08,255.45,0.0,255.45,86.82,64.08,,expired
2025-02-03,a4ac1244-8cae-4f87-a76f-a4a26e373683,Warsaw,PL,6f6c7837-354c-4d49-89c5-bb423b7a989f,e539b514-1872-4c55-956e-bcbb8e6086db,app,0.25,163.8,0.0,163.8,42.64,31.22,,redeemed
2025-02-04,3924b41f-b3cc-48f2-8d18-f065858de32e,Birmingham,GB,959b16e7-765f-4b88-b4aa-4e38b994d8c2,959b16e7-765f-4b88-b4aa-4e38b994d8c2,app,1.27,223.07,0.0,223.07,79.8,67.43,,redeemed
2025-02-04,0b586175-1bf6-41a7-9d30-6b815463b7e5,Manchester,GB,5fe7a6dd-1bcc-4543-9244-ce3c6be4a82f,e96ae45a-1216-44d6-8759-1a1ad25c5a35,web,1.27,186.79,0.0,186.79,58.72,59.33,,redeemed
2025-02-05,0f5e0152-0703-44ca-be54-ab52ec0144ef,Leeds,GB,2d02c576-2907-435f-a951-fe1857d44665,2d02c576-2907-435f-a951-fe1857d44665,app,1.27,149.82,31.46,118.36,38.2,26.84,PROMO50,redeemed
2025-02-09,fffcd159-1353-4419-b83b-80541f9f39e1,Birmingham,GB,40e1b5d1-967a-49cb-9507-9c436a9dccb9,40e1b5d1-967a-49cb-9507-9c436a9dccb9,app,1.27,95.44,0.0,95.44,20.89,15.57,,redeemed
2025-02-11,369e8091-c895-4c16-9c26-f6ca76906dbc,Birmingham,GB,c5520347-c89a-447a-ab9c-4c1fb332ace0,c5520347-c89a-447a-ab9c-4c1fb332ace0,web,1.27,122.1,24.5,97.6,30.68,29.22,PROMO28,redeemed
2025-02-12,1b1a7a3f-4de0-409d-a15e-1e6ac9db5283,Leeds,GB,225021ef-17c4-4091-a082-cfe575f16a4d,225021ef-17c4-4091-a082-cfe575f16a4d,web,1.27,16.15,0.0,16.15,3.77,3.2,,redeemed
2025-02-13,58f693c7-bdd9-45a1-927a-d2df7a18b852,Phoenix,US,5f95d377-da15-4fd1-8ee0-b54252ad4788,48960052-6909-4f64-bb96-0b18a76b053d,app,1.0,92.0,0.0,-92.0,-27.78,-19.19,,refunded
2025-02-14,7e5b334f-ebda-4e10-907a-afc419530f68,Leeds,GB,9226f8e3-dfa2-4d85-a4f5-2cda254644c7,9226f8e3-dfa2-4d85-a4f5-2cda254644c7,app,1.27,24.34,6.78,17.56,6.49,4.26,PROMO27,expired
2025-02-20,fee0bb48-7467-4571-bc4e-921b61a8864c,Milan,IT,fb76925f-640c-4ecd-82ac-4b42513d807e,fb76925f-640c-4ecd-82ac-4b42513d807e,touch,1.08,25.35,6.9,-18.45,-4.16,-3.68,PROMO35,refunded
2025-02-23,2316aadd-c559-4969-a454-7af3d677df95,New York,US,7a7463db-47ae-46e4-82c7-3bb8a52a4f93,7a7463db-47ae-46e4-82c7-3bb8a52a4f93,app,1.0,15.27,0.0,15.27,5.86,4.15,,unredeemed
2025-02-23,f6e91c73-788d-443d-8ed7-a7c632c3a88b,Los Angeles,US,920e2882-e01c-4bdc-b2e5-2609a7699f03,920e2882-e01c-4bdc-b2e5-2609a7699f03,touch,1.0,163.52,0.0,163.52,43.83,44.64,,redeemed
2025-02-24,50ed3660-b7a6-4520-b9cf-b91a78024873,Phoenix,US,b83c4ea3-4d99-4648-8128-32772a1ba013,b83c4ea3-4d99-4648-8128-32772a1ba013,web,1.0,32.14,0.0,32.14,11.58,6.95,,unredeemed
2025-02-25,167aa0ec-cc51-4475-bcc8-0eba4f90ef52,Rome,IT,e7ffdae1-1107-4229-ad44-3e59447465cd,e7ffdae1-1107-4229-ad44-3e59447465cd,touch,1.08,84.0,0.0,84.0,28.04,17.09,,redeemed
2025-02-26,e7c0a699-0155-41c7-866e-a93dbfbbf0c7,Berlin,DE,c2ffd55e-6e05-4595-9cb1-32b96ad6fe42,09b25b10-c880-4f20-b1a3-2a9075102a90,app,1.08,62.28,15.66,46.62,15.05,9.65,PROMO27,redeemed
2025-02-27,3844c1a9-c539-41a4-81ed-27c9ac29c142,Birmingham,GB,45e32964-0cf4-4ad7-b33d-1f14c7ff0fc7,45e32964-0cf4-4ad7-b33d-1f14c7ff0fc7,web,1.27,23.18,0.0,23.18,5.9,4.72,,unredeemed
